"RunDate","UserId","SkuId","SkuPartNumber","ServicePlanId","ServicePlanName","ProvisioningStatus"
"2026-09-01","3e9570b9-983c-5c10-5a95-c4e6f7719fb7","38775d0a-19f0-3d2f-6fe2-01e533751b67","SPE_E3","d393dce6-237f-d3ec-75b3-8ce672517a09","EXCHANGE_S_ENTERPRISE","Success"
"2026-09-01","3e9570b9-983c-5c10-5a95-c4e6f7719fb7","38775d0a-19f0-3d2f-6fe2-01e533751b67","SPE_E3","01fb9d1e-0474-1f0e-69f2-80bd1deb5d0f","TEAMS1","Success"
"2026-09-01","3e9570b9-983c-5c10-5a95-c4e6f7719fb7","38775d0a-19f0-3d2f-6fe2-01e533751b67","SPE_E3","f0309939-1fa0-91d0-84ec-6aff4e305b60","INTUNE_A","Success"
"2026-09-01","3e9570b9-983c-5c10-5a95-c4e6f7719fb7","721902d0-889d-e6e0-71a3-c33c8c48ca1e","EMS","f0309939-1fa0-91d0-84ec-6aff4e305b60","INTUNE_A","Success"
"2026-09-01","3e9570b9-983c-5c10-5a95-c4e6f7719fb7","721902d0-889d-e6e0-71a3-c33c8c48ca1e","EMS","95c6f868-1a79-e1f3-cd73-698ca22fb689","AAD_PREMIUM","Success"
"2026-09-01","3e9570b9-983c-5c10-5a95-c4e6f7719fb7","70157c56-0837-966b-bc14-8fd141d19320","POWER_BI_PRO","25546228-c724-b695-0f37-a42a1f544442","BI_AZURE_P2","Success"
"2026-09-01","3e9570b9-983c-5c10-5a95-c4e6f7719fb7","0fe639ed-5a32-60e6-8c30-d8658b21a0fb","Microsoft_365_Copilot","406348e0-90da-8e65-e75f-600063417668","M365_COPILOT_APPS","Success"
"2026-09-01","3e9570b9-983c-5c10-5a95-c4e6f7719fb7","0fe639ed-5a32-60e6-8c30-d8658b21a0fb","Microsoft_365_Copilot","08e44ccf-83eb-ceed-7cf3-99f4ee302aee","M365_COPILOT_TEAMS","Success"
"2026-09-01","f6bb6972-78a0-e4cb-8834-935b1ad496f7","38775d0a-19f0-3d2f-6fe2-01e533751b67","SPE_E3","d393dce6-237f-d3ec-75b3-8ce672517a09","EXCHANGE_S_ENTERPRISE","Success"
"2026-09-01","f6bb6972-78a0-e4cb-8834-935b1ad496f7","38775d0a-19f0-3d2f-6fe2-01e533751b67","SPE_E3","01fb9d1e-0474-1f0e-69f2-80bd1deb5d0f","TEAMS1","Success"
"2026-09-01","f6bb6972-78a0-e4cb-8834-935b1ad496f7","38775d0a-19f0-3d2f-6fe2-01e533751b67","SPE_E3","f0309939-1fa0-91d0-84ec-6aff4e305b60","INTUNE_A","Success"
"2026-09-01","f6bb6972-78a0-e4cb-8834-935b1ad496f7","721902d0-889d-e6e0-71a3-c33c8c48ca1e","EMS","f0309939-1fa0-91d0-84ec-6aff4e305b60","INTUNE_A","Success"
"2026-09-01","f6bb6972-78a0-e4cb-8834-935b1ad496f7","721902d0-889d-e6e0-71a3-c33c8c48ca1e","EMS","95c6f868-1a79-e1f3-cd73-698ca22fb689","AAD_PREMIUM","Success"
"2026-09-01","eb9a7e3a-feb1-ee97-7b5a-40816562b871","38775d0a-19f0-3d2f-6fe2-01e533751b67","SPE_E3","d393dce6-237f-d3ec-75b3-8ce672517a09","EXCHANGE_S_ENTERPRISE","Success"
"2026-09-01","eb9a7e3a-feb1-ee97-7b5a-40816562b871","38775d0a-19f0-3d2f-6fe2-01e533751b67","SPE_E3","01fb9d1e-0474-1f0e-69f2-80bd1deb5d0f","TEAMS1","Success"
"2026-09-01","eb9a7e3a-feb1-ee97-7b5a-40816562b871","38775d0a-19f0-3d2f-6fe2-01e533751b67","SPE_E3","f0309939-1fa0-91d0-84ec-6aff4e305b60","INTUNE_A","Success"
"2026-09-01","eb9a7e3a-feb1-ee97-7b5a-40816562b871","721902d0-889d-e6e0-71a3-c33c8c48ca1e","EMS","f0309939-1fa0-91d0-84ec-6aff4e305b60","INTUNE_A","Success"
"2026-09-01","eb9a7e3a-feb1-ee97-7b5a-40816562b871","721902d0-889d-e6e0-71a3-c33c8c48ca1e","EMS","95c6f868-1a79-e1f3-cd73-698ca22fb689","AAD_PREMIUM","Success"
"2026-09-01","eb9a7e3a-feb1-ee97-7b5a-40816562b871","0fe639ed-5a32-60e6-8c30-d8658b21a0fb","Microsoft_365_Copilot","406348e0-90da-8e65-e75f-600063417668","M365_COPILOT_APPS","Success"
"2026-09-01","eb9a7e3a-feb1-ee97-7b5a-40816562b871","0fe639ed-5a32-60e6-8c30-d8658b21a0fb","Microsoft_365_Copilot","08e44ccf-83eb-ceed-7cf3-99f4ee302aee","M365_COPILOT_TEAMS","Success"
"2026-09-01","54417c87-f819-5aca-b463-7c013fc02def","38775d0a-19f0-3d2f-6fe2-01e533751b67","SPE_E3","d393dce6-237f-d3ec-75b3-8ce672517a09","EXCHANGE_S_ENTERPRISE","Success"
"2026-09-01","54417c87-f819-5aca-b463-7c013fc02def","38775d0a-19f0-3d2f-6fe2-01e533751b67","SPE_E3","01fb9d1e-0474-1f0e-69f2-80bd1deb5d0f","TEAMS1","Success"
"2026-09-01","54417c87-f819-5aca-b463-7c013fc02def","38775d0a-19f0-3d2f-6fe2-01e533751b67","SPE_E3","f0309939-1fa0-91d0-84ec-6aff4e305b60","INTUNE_A","Success"
"2026-09-01","54417c87-f819-5aca-b463-7c013fc02def","721902d0-889d-e6e0-71a3-c33c8c48ca1e","EMS","f0309939-1fa0-91d0-84ec-6aff4e305b60","INTUNE_A","Success"
"2026-09-01","54417c87-f819-5aca-b463-7c013fc02def","721902d0-889d-e6e0-71a3-c33c8c48ca1e","EMS","95c6f868-1a79-e1f3-cd73-698ca22fb689","AAD_PREMIUM","Success"
"2026-09-01","54417c87-f819-5aca-b463-7c013fc02def","70157c56-0837-966b-bc14-8fd141d19320","POWER_BI_PRO","25546228-c724-b695-0f37-a42a1f544442","BI_AZURE_P2","Success"
"2026-09-01","491d2136-6bc0-0823-241d-8b6323d2dbe9","38775d0a-19f0-3d2f-6fe2-01e533751b67","SPE_E3","d393dce6-237f-d3ec-75b3-8ce672517a09","EXCHANGE_S_ENTERPRISE","Success"
"2026-09-01","491d2136-6bc0-0823-241d-8b6323d2dbe9","38775d0a-19f0-3d2f-6fe2-01e533751b67","SPE_E3","01fb9d1e-0474-1f0e-69f2-80bd1deb5d0f","TEAMS1","Success"
"2026-09-01","491d2136-6bc0-0823-241d-8b6323d2dbe9","38775d0a-19f0-3d2f-6fe2-01e533751b67","SPE_E3","f0309939-1fa0-91d0-84ec-6aff4e305b60","INTUNE_A","Success"
"2026-09-01","f9b5194d-8621-91cf-fd9a-1bec3b9a1291","38775d0a-19f0-3d2f-6fe2-01e533751b67","SPE_E3","d393dce6-237f-d3ec-75b3-8ce672517a09","EXCHANGE_S_ENTERPRISE","Success"
"2026-09-01","f9b5194d-8621-91cf-fd9a-1bec3b9a1291","38775d0a-19f0-3d2f-6fe2-01e533751b67","SPE_E3","01fb9d1e-0474-1f0e-69f2-80bd1deb5d0f","TEAMS1","Success"
"2026-09-01","f9b5194d-8621-91cf-fd9a-1bec3b9a1291","38775d0a-19f0-3d2f-6fe2-01e533751b67","SPE_E3","f0309939-1fa0-91d0-84ec-6aff4e305b60","INTUNE_A","Success"
"2026-09-01","5354972b-10c6-4b1d-f4da-3ff69091a117","38775d0a-19f0-3d2f-6fe2-01e533751b67","SPE_E3","d393dce6-237f-d3ec-75b3-8ce672517a09","EXCHANGE_S_ENTERPRISE","Success"
"2026-09-01","5354972b-10c6-4b1d-f4da-3ff69091a117","38775d0a-19f0-3d2f-6fe2-01e533751b67","SPE_E3","01fb9d1e-0474-1f0e-69f2-80bd1deb5d0f","TEAMS1","Success"
"2026-09-01","5354972b-10c6-4b1d-f4da-3ff69091a117","38775d0a-19f0-3d2f-6fe2-01e533751b67","SPE_E3","f0309939-1fa0-91d0-84ec-6aff4e305b60","INTUNE_A","Success"
"2026-09-01","5354972b-10c6-4b1d-f4da-3ff69091a117","70157c56-0837-966b-bc14-8fd141d19320","POWER_BI_PRO","25546228-c724-b695-0f37-a42a1f544442","BI_AZURE_P2","Success"
"2026-09-01","af3a1472-9a15-b84d-c3d0-081be98379d1","38775d0a-19f0-3d2f-6fe2-01e533751b67","SPE_E3","d393dce6-237f-d3ec-75b3-8ce672517a09","EXCHANGE_S_ENTERPRISE","Success"
"2026-09-01","af3a1472-9a15-b84d-c3d0-081be98379d1","38775d0a-19f0-3d2f-6fe2-01e533751b67","SPE_E3","01fb9d1e-0474-1f0e-69f2-80bd1deb5d0f","TEAMS1","Success"
"2026-09-01","af3a1472-9a15-b84d-c3d0-081be98379d1","38775d0a-19f0-3d2f-6fe2-01e533751b67","SPE_E3","f0309939-1fa0-91d0-84ec-6aff4e305b60","INTUNE_A","Success"
"2026-09-01","299543a6-0887-ad97-2dab-909a6c0879d4","38775d0a-19f0-3d2f-6fe2-01e533751b67","SPE_E3","d393dce6-237f-d3ec-75b3-8ce672517a09","EXCHANGE_S_ENTERPRISE","Success"
"2026-09-01","299543a6-0887-ad97-2dab-909a6c0879d4","38775d0a-19f0-3d2f-6fe2-01e533751b67","SPE_E3","01fb9d1e-0474-1f0e-69f2-80bd1deb5d0f","TEAMS1","Success"
"2026-09-01","299543a6-0887-ad97-2dab-909a6c0879d4","38775d0a-19f0-3d2f-6fe2-01e533751b67","SPE_E3","f0309939-1fa0-91d0-84ec-6aff4e305b60","INTUNE_A","Success"
"2026-09-01","0c57fe27-fc16-9b06-0340-152f0b57c525","38775d0a-19f0-3d2f-6fe2-01e533751b67","SPE_E3","d393dce6-237f-d3ec-75b3-8ce672517a09","EXCHANGE_S_ENTERPRISE","Success"
"2026-09-01","0c57fe27-fc16-9b06-0340-152f0b57c525","38775d0a-19f0-3d2f-6fe2-01e533751b67","SPE_E3","01fb9d1e-0474-1f0e-69f2-80bd1deb5d0f","TEAMS1","Success"
"2026-09-01","0c57fe27-fc16-9b06-0340-152f0b57c525","38775d0a-19f0-3d2f-6fe2-01e533751b67","SPE_E3","f0309939-1fa0-91d0-84ec-6aff4e305b60","INTUNE_A","Success"
"2026-09-01","0c57fe27-fc16-9b06-0340-152f0b57c525","70157c56-0837-966b-bc14-8fd141d19320","POWER_BI_PRO","25546228-c724-b695-0f37-a42a1f544442","BI_AZURE_P2","Success"
"2026-09-01","98825deb-0beb-01a2-e7ef-bc1d56c88f47","38775d0a-19f0-3d2f-6fe2-01e533751b67","SPE_E3","d393dce6-237f-d3ec-75b3-8ce672517a09","EXCHANGE_S_ENTERPRISE","Success"
"2026-09-01","98825deb-0beb-01a2-e7ef-bc1d56c88f47","38775d0a-19f0-3d2f-6fe2-01e533751b67","SPE_E3","01fb9d1e-0474-1f0e-69f2-80bd1deb5d0f","TEAMS1","Success"
"2026-09-01","98825deb-0beb-01a2-e7ef-bc1d56c88f47","38775d0a-19f0-3d2f-6fe2-01e533751b67","SPE_E3","f0309939-1fa0-91d0-84ec-6aff4e305b60","INTUNE_A","Success"
"2026-09-01","5a797a5c-478f-8e8e-84c8-827d2153ca75","38775d0a-19f0-3d2f-6fe2-01e533751b67","SPE_E3","d393dce6-237f-d3ec-75b3-8ce672517a09","EXCHANGE_S_ENTERPRISE","Success"
"2026-09-01","5a797a5c-478f-8e8e-84c8-827d2153ca75","38775d0a-19f0-3d2f-6fe2-01e533751b67","SPE_E3","01fb9d1e-0474-1f0e-69f2-80bd1deb5d0f","TEAMS1","Success"
"2026-09-01","5a797a5c-478f-8e8e-84c8-827d2153ca75","38775d0a-19f0-3d2f-6fe2-01e533751b67","SPE_E3","f0309939-1fa0-91d0-84ec-6aff4e305b60","INTUNE_A","Success"
