"RunDate","ReportRefreshDate","TenantDisplayName","SharedChannelTenantDisplayNames","UserId","UserPrincipalName","LastActivityDate","IsDeleted","DeletedDate","AssignedProducts","TeamChatMessageCount","PrivateChatMessageCount","CallCount","MeetingCount","PostMessages","ReplyMessages","UrgentMessages","MeetingsOrganizedCount","MeetingsAttendedCount","AdHocMeetingsOrganizedCount","AdHocMeetingsAttendedCount","ScheduledOneTimeMeetingsOrganizedCount","ScheduledOneTimeMeetingsAttendedCount","ScheduledRecurringMeetingsOrganizedCount","ScheduledRecurringMeetingsAttendedCount","AudioDuration","VideoDuration","ScreenShareDuration","AudioDurationInSeconds","VideoDurationInSeconds","ScreenShareDurationInSeconds","HasOtherAction","IsLicensed","ReportPeriod"
"2026-08-18","2026-08-18","Contoso Sample","","3e9570b9-983c-5c10-5a95-c4e6f7719fb7","avery.abara@example.com","2026-08-17","False","","MICROSOFT 365 E3+ENTERPRISE MOBILITY + SECURITY E3","3","3","3","3","3","3","3","3","3","3","3","3","3","3","3","00:00:00","00:00:00","00:00:00","0","0","0","No","Yes","30"
"2026-08-18","2026-08-18","Contoso Sample","","f6bb6972-78a0-e4cb-8834-935b1ad496f7","blake.brandt@example.com","2026-08-14","False","","MICROSOFT 365 E3+ENTERPRISE MOBILITY + SECURITY E3","10","10","10","10","10","10","10","10","10","10","10","10","10","10","10","01:05:00","01:05:00","01:05:00","600","600","600","No","Yes","30"
"2026-08-18","2026-08-18","Contoso Sample","","eb9a7e3a-feb1-ee97-7b5a-40816562b871","casey.chaudhry@example.com","2026-08-11","False","","MICROSOFT 365 E3+ENTERPRISE MOBILITY + SECURITY E3","17","17","17","17","17","17","17","17","17","17","17","17","17","17","17","02:10:00","02:10:00","02:10:00","1200","1200","1200","No","Yes","30"
"2026-08-18","2026-08-18","Contoso Sample","","54417c87-f819-5aca-b463-7c013fc02def","devon.diaz@example.com","2026-08-08","False","","MICROSOFT 365 E3+ENTERPRISE MOBILITY + SECURITY E3","24","24","24","24","24","24","24","24","24","24","24","24","24","24","24","03:15:00","03:15:00","03:15:00","1800","1800","1800","No","Yes","30"
"2026-08-18","2026-08-18","Contoso Sample","","491d2136-6bc0-0823-241d-8b6323d2dbe9","emery.eze@example.com","2026-08-05","False","","MICROSOFT 365 E3+ENTERPRISE MOBILITY + SECURITY E3","31","31","31","31","31","31","31","31","31","31","31","31","31","31","31","04:20:00","04:20:00","04:20:00","2400","2400","2400","No","Yes","30"
"2026-08-18","2026-08-18","Contoso Sample","","f9b5194d-8621-91cf-fd9a-1bec3b9a1291","finley.fox@example.com","2026-08-02","False","","MICROSOFT 365 E3+ENTERPRISE MOBILITY + SECURITY E3","38","38","38","38","38","38","38","38","38","38","38","38","38","38","38","05:25:00","05:25:00","05:25:00","3000","3000","3000","No","Yes","30"
"2026-08-18","2026-08-18","Contoso Sample","","5354972b-10c6-4b1d-f4da-3ff69091a117","gray.gupta@example.com","2026-07-30","False","","MICROSOFT 365 E3+ENTERPRISE MOBILITY + SECURITY E3","5","5","5","5","5","5","5","5","5","5","5","5","5","5","5","06:30:00","06:30:00","06:30:00","3600","3600","3600","No","Yes","30"
"2026-08-18","2026-08-18","Contoso Sample","","af3a1472-9a15-b84d-c3d0-081be98379d1","harper.hale@example.com","2026-07-27","False","","MICROSOFT 365 E3+ENTERPRISE MOBILITY + SECURITY E3","12","12","12","12","12","12","12","12","12","12","12","12","12","12","12","07:35:00","07:35:00","07:35:00","4200","4200","4200","No","Yes","30"
"2026-08-18","2026-08-18","Contoso Sample","","299543a6-0887-ad97-2dab-909a6c0879d4","indigo.ito@example.com","2026-07-24","False","","MICROSOFT 365 E3+ENTERPRISE MOBILITY + SECURITY E3","19","19","19","19","19","19","19","19","19","19","19","19","19","19","19","08:40:00","08:40:00","08:40:00","4800","4800","4800","No","Yes","30"
"2026-08-18","2026-08-18","Contoso Sample","","0c57fe27-fc16-9b06-0340-152f0b57c525","jules.jung@example.com","","False","","MICROSOFT 365 E3+ENTERPRISE MOBILITY + SECURITY E3","26","26","26","26","26","26","26","26","26","26","26","26","26","26","26","09:45:00","09:45:00","09:45:00","5400","5400","5400","No","Yes","30"
"2026-08-18","2026-08-18","Contoso Sample","","98825deb-0beb-01a2-e7ef-bc1d56c88f47","kai.kovacs@example.com","","False","","MICROSOFT 365 E3+ENTERPRISE MOBILITY + SECURITY E3","33","33","33","33","33","33","33","33","33","33","33","33","33","33","33","10:50:00","10:50:00","10:50:00","6000","6000","6000","No","Yes","30"
"2026-08-18","2026-08-18","Contoso Sample","","5a797a5c-478f-8e8e-84c8-827d2153ca75","lane.lopez@example.com","","False","","MICROSOFT 365 E3+ENTERPRISE MOBILITY + SECURITY E3","0","0","0","0","0","0","0","0","0","0","0","0","0","0","0","11:55:00","11:55:00","11:55:00","6600","6600","6600","No","Yes","30"
"2026-08-25","2026-08-25","Contoso Sample","","3e9570b9-983c-5c10-5a95-c4e6f7719fb7","avery.abara@example.com","2026-08-24","False","","MICROSOFT 365 E3+ENTERPRISE MOBILITY + SECURITY E3","3","3","3","3","3","3","3","3","3","3","3","3","3","3","3","00:00:00","00:00:00","00:00:00","0","0","0","No","Yes","30"
"2026-08-25","2026-08-25","Contoso Sample","","f6bb6972-78a0-e4cb-8834-935b1ad496f7","blake.brandt@example.com","2026-08-21","False","","MICROSOFT 365 E3+ENTERPRISE MOBILITY + SECURITY E3","10","10","10","10","10","10","10","10","10","10","10","10","10","10","10","01:05:00","01:05:00","01:05:00","600","600","600","No","Yes","30"
"2026-08-25","2026-08-25","Contoso Sample","","eb9a7e3a-feb1-ee97-7b5a-40816562b871","casey.chaudhry@example.com","2026-08-18","False","","MICROSOFT 365 E3+ENTERPRISE MOBILITY + SECURITY E3","17","17","17","17","17","17","17","17","17","17","17","17","17","17","17","02:10:00","02:10:00","02:10:00","1200","1200","1200","No","Yes","30"
"2026-08-25","2026-08-25","Contoso Sample","","54417c87-f819-5aca-b463-7c013fc02def","devon.diaz@example.com","2026-08-15","False","","MICROSOFT 365 E3+ENTERPRISE MOBILITY + SECURITY E3","24","24","24","24","24","24","24","24","24","24","24","24","24","24","24","03:15:00","03:15:00","03:15:00","1800","1800","1800","No","Yes","30"
"2026-08-25","2026-08-25","Contoso Sample","","491d2136-6bc0-0823-241d-8b6323d2dbe9","emery.eze@example.com","2026-08-12","False","","MICROSOFT 365 E3+ENTERPRISE MOBILITY + SECURITY E3","31","31","31","31","31","31","31","31","31","31","31","31","31","31","31","04:20:00","04:20:00","04:20:00","2400","2400","2400","No","Yes","30"
"2026-08-25","2026-08-25","Contoso Sample","","f9b5194d-8621-91cf-fd9a-1bec3b9a1291","finley.fox@example.com","2026-08-09","False","","MICROSOFT 365 E3+ENTERPRISE MOBILITY + SECURITY E3","38","38","38","38","38","38","38","38","38","38","38","38","38","38","38","05:25:00","05:25:00","05:25:00","3000","3000","3000","No","Yes","30"
"2026-08-25","2026-08-25","Contoso Sample","","5354972b-10c6-4b1d-f4da-3ff69091a117","gray.gupta@example.com","2026-08-06","False","","MICROSOFT 365 E3+ENTERPRISE MOBILITY + SECURITY E3","5","5","5","5","5","5","5","5","5","5","5","5","5","5","5","06:30:00","06:30:00","06:30:00","3600","3600","3600","No","Yes","30"
"2026-08-25","2026-08-25","Contoso Sample","","af3a1472-9a15-b84d-c3d0-081be98379d1","harper.hale@example.com","2026-08-03","False","","MICROSOFT 365 E3+ENTERPRISE MOBILITY + SECURITY E3","12","12","12","12","12","12","12","12","12","12","12","12","12","12","12","07:35:00","07:35:00","07:35:00","4200","4200","4200","No","Yes","30"
"2026-08-25","2026-08-25","Contoso Sample","","299543a6-0887-ad97-2dab-909a6c0879d4","indigo.ito@example.com","2026-07-31","False","","MICROSOFT 365 E3+ENTERPRISE MOBILITY + SECURITY E3","19","19","19","19","19","19","19","19","19","19","19","19","19","19","19","08:40:00","08:40:00","08:40:00","4800","4800","4800","No","Yes","30"
"2026-08-25","2026-08-25","Contoso Sample","","0c57fe27-fc16-9b06-0340-152f0b57c525","jules.jung@example.com","","False","","MICROSOFT 365 E3+ENTERPRISE MOBILITY + SECURITY E3","26","26","26","26","26","26","26","26","26","26","26","26","26","26","26","09:45:00","09:45:00","09:45:00","5400","5400","5400","No","Yes","30"
"2026-08-25","2026-08-25","Contoso Sample","","98825deb-0beb-01a2-e7ef-bc1d56c88f47","kai.kovacs@example.com","","False","","MICROSOFT 365 E3+ENTERPRISE MOBILITY + SECURITY E3","33","33","33","33","33","33","33","33","33","33","33","33","33","33","33","10:50:00","10:50:00","10:50:00","6000","6000","6000","No","Yes","30"
"2026-08-25","2026-08-25","Contoso Sample","","5a797a5c-478f-8e8e-84c8-827d2153ca75","lane.lopez@example.com","","False","","MICROSOFT 365 E3+ENTERPRISE MOBILITY + SECURITY E3","0","0","0","0","0","0","0","0","0","0","0","0","0","0","0","11:55:00","11:55:00","11:55:00","6600","6600","6600","No","Yes","30"
"2026-09-01","2026-09-01","Contoso Sample","","3e9570b9-983c-5c10-5a95-c4e6f7719fb7","avery.abara@example.com","2026-08-31","False","","MICROSOFT 365 E3+ENTERPRISE MOBILITY + SECURITY E3","3","3","3","3","3","3","3","3","3","3","3","3","3","3","3","00:00:00","00:00:00","00:00:00","0","0","0","No","Yes","30"
"2026-09-01","2026-09-01","Contoso Sample","","f6bb6972-78a0-e4cb-8834-935b1ad496f7","blake.brandt@example.com","2026-08-28","False","","MICROSOFT 365 E3+ENTERPRISE MOBILITY + SECURITY E3","10","10","10","10","10","10","10","10","10","10","10","10","10","10","10","01:05:00","01:05:00","01:05:00","600","600","600","No","Yes","30"
"2026-09-01","2026-09-01","Contoso Sample","","eb9a7e3a-feb1-ee97-7b5a-40816562b871","casey.chaudhry@example.com","2026-08-25","False","","MICROSOFT 365 E3+ENTERPRISE MOBILITY + SECURITY E3","17","17","17","17","17","17","17","17","17","17","17","17","17","17","17","02:10:00","02:10:00","02:10:00","1200","1200","1200","No","Yes","30"
"2026-09-01","2026-09-01","Contoso Sample","","54417c87-f819-5aca-b463-7c013fc02def","devon.diaz@example.com","2026-08-22","False","","MICROSOFT 365 E3+ENTERPRISE MOBILITY + SECURITY E3","24","24","24","24","24","24","24","24","24","24","24","24","24","24","24","03:15:00","03:15:00","03:15:00","1800","1800","1800","No","Yes","30"
"2026-09-01","2026-09-01","Contoso Sample","","491d2136-6bc0-0823-241d-8b6323d2dbe9","emery.eze@example.com","2026-08-19","False","","MICROSOFT 365 E3+ENTERPRISE MOBILITY + SECURITY E3","31","31","31","31","31","31","31","31","31","31","31","31","31","31","31","04:20:00","04:20:00","04:20:00","2400","2400","2400","No","Yes","30"
"2026-09-01","2026-09-01","Contoso Sample","","f9b5194d-8621-91cf-fd9a-1bec3b9a1291","finley.fox@example.com","2026-08-16","False","","MICROSOFT 365 E3+ENTERPRISE MOBILITY + SECURITY E3","38","38","38","38","38","38","38","38","38","38","38","38","38","38","38","05:25:00","05:25:00","05:25:00","3000","3000","3000","No","Yes","30"
"2026-09-01","2026-09-01","Contoso Sample","","5354972b-10c6-4b1d-f4da-3ff69091a117","gray.gupta@example.com","2026-08-13","False","","MICROSOFT 365 E3+ENTERPRISE MOBILITY + SECURITY E3","5","5","5","5","5","5","5","5","5","5","5","5","5","5","5","06:30:00","06:30:00","06:30:00","3600","3600","3600","No","Yes","30"
"2026-09-01","2026-09-01","Contoso Sample","","af3a1472-9a15-b84d-c3d0-081be98379d1","harper.hale@example.com","2026-08-10","False","","MICROSOFT 365 E3+ENTERPRISE MOBILITY + SECURITY E3","12","12","12","12","12","12","12","12","12","12","12","12","12","12","12","07:35:00","07:35:00","07:35:00","4200","4200","4200","No","Yes","30"
"2026-09-01","2026-09-01","Contoso Sample","","299543a6-0887-ad97-2dab-909a6c0879d4","indigo.ito@example.com","2026-08-07","False","","MICROSOFT 365 E3+ENTERPRISE MOBILITY + SECURITY E3","19","19","19","19","19","19","19","19","19","19","19","19","19","19","19","08:40:00","08:40:00","08:40:00","4800","4800","4800","No","Yes","30"
"2026-09-01","2026-09-01","Contoso Sample","","0c57fe27-fc16-9b06-0340-152f0b57c525","jules.jung@example.com","","False","","MICROSOFT 365 E3+ENTERPRISE MOBILITY + SECURITY E3","26","26","26","26","26","26","26","26","26","26","26","26","26","26","26","09:45:00","09:45:00","09:45:00","5400","5400","5400","No","Yes","30"
"2026-09-01","2026-09-01","Contoso Sample","","98825deb-0beb-01a2-e7ef-bc1d56c88f47","kai.kovacs@example.com","","False","","MICROSOFT 365 E3+ENTERPRISE MOBILITY + SECURITY E3","33","33","33","33","33","33","33","33","33","33","33","33","33","33","33","10:50:00","10:50:00","10:50:00","6000","6000","6000","No","Yes","30"
"2026-09-01","2026-09-01","Contoso Sample","","5a797a5c-478f-8e8e-84c8-827d2153ca75","lane.lopez@example.com","","False","","MICROSOFT 365 E3+ENTERPRISE MOBILITY + SECURITY E3","0","0","0","0","0","0","0","0","0","0","0","0","0","0","0","11:55:00","11:55:00","11:55:00","6600","6600","6600","No","Yes","30"
