"RunDate","ReportRefreshDate","UserPrincipalName","IsDeleted","DeletedDate","LastActivityDate","ViewedOrEditedFileCount","SyncedFileCount","SharedInternallyFileCount","SharedExternallyFileCount","AssignedProducts","ReportPeriod"
"2026-08-18","2026-08-18","avery.abara@example.com","False","","2026-08-17","3","3","3","3","MICROSOFT 365 E3+ENTERPRISE MOBILITY + SECURITY E3","30"
"2026-08-18","2026-08-18","blake.brandt@example.com","False","","2026-08-14","10","10","10","10","MICROSOFT 365 E3+ENTERPRISE MOBILITY + SECURITY E3","30"
"2026-08-18","2026-08-18","casey.chaudhry@example.com","False","","2026-08-11","17","17","17","17","MICROSOFT 365 E3+ENTERPRISE MOBILITY + SECURITY E3","30"
"2026-08-18","2026-08-18","devon.diaz@example.com","False","","2026-08-08","24","24","24","24","MICROSOFT 365 E3+ENTERPRISE MOBILITY + SECURITY E3","30"
"2026-08-18","2026-08-18","emery.eze@example.com","False","","2026-08-05","31","31","31","31","MICROSOFT 365 E3+ENTERPRISE MOBILITY + SECURITY E3","30"
"2026-08-18","2026-08-18","finley.fox@example.com","False","","2026-08-02","38","38","38","38","MICROSOFT 365 E3+ENTERPRISE MOBILITY + SECURITY E3","30"
"2026-08-18","2026-08-18","gray.gupta@example.com","False","","2026-07-30","5","5","5","5","MICROSOFT 365 E3+ENTERPRISE MOBILITY + SECURITY E3","30"
"2026-08-18","2026-08-18","harper.hale@example.com","False","","2026-07-27","12","12","12","12","MICROSOFT 365 E3+ENTERPRISE MOBILITY + SECURITY E3","30"
"2026-08-18","2026-08-18","indigo.ito@example.com","False","","2026-07-24","19","19","19","19","MICROSOFT 365 E3+ENTERPRISE MOBILITY + SECURITY E3","30"
"2026-08-18","2026-08-18","jules.jung@example.com","False","","","26","26","26","26","MICROSOFT 365 E3+ENTERPRISE MOBILITY + SECURITY E3","30"
"2026-08-18","2026-08-18","kai.kovacs@example.com","False","","","33","33","33","33","MICROSOFT 365 E3+ENTERPRISE MOBILITY + SECURITY E3","30"
"2026-08-18","2026-08-18","lane.lopez@example.com","False","","","0","0","0","0","MICROSOFT 365 E3+ENTERPRISE MOBILITY + SECURITY E3","30"
"2026-08-25","2026-08-25","avery.abara@example.com","False","","2026-08-24","3","3","3","3","MICROSOFT 365 E3+ENTERPRISE MOBILITY + SECURITY E3","30"
"2026-08-25","2026-08-25","blake.brandt@example.com","False","","2026-08-21","10","10","10","10","MICROSOFT 365 E3+ENTERPRISE MOBILITY + SECURITY E3","30"
"2026-08-25","2026-08-25","casey.chaudhry@example.com","False","","2026-08-18","17","17","17","17","MICROSOFT 365 E3+ENTERPRISE MOBILITY + SECURITY E3","30"
"2026-08-25","2026-08-25","devon.diaz@example.com","False","","2026-08-15","24","24","24","24","MICROSOFT 365 E3+ENTERPRISE MOBILITY + SECURITY E3","30"
"2026-08-25","2026-08-25","emery.eze@example.com","False","","2026-08-12","31","31","31","31","MICROSOFT 365 E3+ENTERPRISE MOBILITY + SECURITY E3","30"
"2026-08-25","2026-08-25","finley.fox@example.com","False","","2026-08-09","38","38","38","38","MICROSOFT 365 E3+ENTERPRISE MOBILITY + SECURITY E3","30"
"2026-08-25","2026-08-25","gray.gupta@example.com","False","","2026-08-06","5","5","5","5","MICROSOFT 365 E3+ENTERPRISE MOBILITY + SECURITY E3","30"
"2026-08-25","2026-08-25","harper.hale@example.com","False","","2026-08-03","12","12","12","12","MICROSOFT 365 E3+ENTERPRISE MOBILITY + SECURITY E3","30"
"2026-08-25","2026-08-25","indigo.ito@example.com","False","","2026-07-31","19","19","19","19","MICROSOFT 365 E3+ENTERPRISE MOBILITY + SECURITY E3","30"
"2026-08-25","2026-08-25","jules.jung@example.com","False","","","26","26","26","26","MICROSOFT 365 E3+ENTERPRISE MOBILITY + SECURITY E3","30"
"2026-08-25","2026-08-25","kai.kovacs@example.com","False","","","33","33","33","33","MICROSOFT 365 E3+ENTERPRISE MOBILITY + SECURITY E3","30"
"2026-08-25","2026-08-25","lane.lopez@example.com","False","","","0","0","0","0","MICROSOFT 365 E3+ENTERPRISE MOBILITY + SECURITY E3","30"
"2026-09-01","2026-09-01","avery.abara@example.com","False","","2026-08-31","3","3","3","3","MICROSOFT 365 E3+ENTERPRISE MOBILITY + SECURITY E3","30"
"2026-09-01","2026-09-01","blake.brandt@example.com","False","","2026-08-28","10","10","10","10","MICROSOFT 365 E3+ENTERPRISE MOBILITY + SECURITY E3","30"
"2026-09-01","2026-09-01","casey.chaudhry@example.com","False","","2026-08-25","17","17","17","17","MICROSOFT 365 E3+ENTERPRISE MOBILITY + SECURITY E3","30"
"2026-09-01","2026-09-01","devon.diaz@example.com","False","","2026-08-22","24","24","24","24","MICROSOFT 365 E3+ENTERPRISE MOBILITY + SECURITY E3","30"
"2026-09-01","2026-09-01","emery.eze@example.com","False","","2026-08-19","31","31","31","31","MICROSOFT 365 E3+ENTERPRISE MOBILITY + SECURITY E3","30"
"2026-09-01","2026-09-01","finley.fox@example.com","False","","2026-08-16","38","38","38","38","MICROSOFT 365 E3+ENTERPRISE MOBILITY + SECURITY E3","30"
"2026-09-01","2026-09-01","gray.gupta@example.com","False","","2026-08-13","5","5","5","5","MICROSOFT 365 E3+ENTERPRISE MOBILITY + SECURITY E3","30"
"2026-09-01","2026-09-01","harper.hale@example.com","False","","2026-08-10","12","12","12","12","MICROSOFT 365 E3+ENTERPRISE MOBILITY + SECURITY E3","30"
"2026-09-01","2026-09-01","indigo.ito@example.com","False","","2026-08-07","19","19","19","19","MICROSOFT 365 E3+ENTERPRISE MOBILITY + SECURITY E3","30"
"2026-09-01","2026-09-01","jules.jung@example.com","False","","","26","26","26","26","MICROSOFT 365 E3+ENTERPRISE MOBILITY + SECURITY E3","30"
"2026-09-01","2026-09-01","kai.kovacs@example.com","False","","","33","33","33","33","MICROSOFT 365 E3+ENTERPRISE MOBILITY + SECURITY E3","30"
"2026-09-01","2026-09-01","lane.lopez@example.com","False","","","0","0","0","0","MICROSOFT 365 E3+ENTERPRISE MOBILITY + SECURITY E3","30"
