"RunDate","ReportRefreshDate","UserPrincipalName","LastActivationDate","LastActivityDate","ReportPeriod","Windows","Mac","Mobile","Web","Outlook","Word","Excel","PowerPoint","OneNote","Teams","OutlookWindows","WordWindows","ExcelWindows","PowerPointWindows","OneNoteWindows","TeamsWindows","OutlookMac","WordMac","ExcelMac","PowerPointMac","OneNoteMac","TeamsMac","OutlookMobile","WordMobile","ExcelMobile","PowerPointMobile","OneNoteMobile","TeamsMobile","OutlookWeb","WordWeb","ExcelWeb","PowerPointWeb","OneNoteWeb","TeamsWeb"
"2026-08-18","2026-08-18","avery.abara@example.com","2026-03-21","2026-08-17","30","True","True","True","True","True","True","True","True","True","True","True","True","True","True","True","True","True","True","True","True","True","True","True","True","True","True","True","True","True","True","True","True","True","True"
"2026-08-18","2026-08-18","blake.brandt@example.com","2026-03-21","2026-08-14","30","False","False","False","False","False","False","False","False","False","False","False","False","False","False","False","False","False","False","False","False","False","False","False","False","False","False","False","False","False","False","False","False","False","False"
"2026-08-18","2026-08-18","casey.chaudhry@example.com","2026-03-21","2026-08-11","30","True","True","True","True","True","True","True","True","True","True","True","True","True","True","True","True","True","True","True","True","True","True","True","True","True","True","True","True","True","True","True","True","True","True"
"2026-08-18","2026-08-18","devon.diaz@example.com","2026-03-21","2026-08-08","30","False","False","False","False","False","False","False","False","False","False","False","False","False","False","False","False","False","False","False","False","False","False","False","False","False","False","False","False","False","False","False","False","False","False"
"2026-08-18","2026-08-18","emery.eze@example.com","2026-03-21","2026-08-05","30","True","True","True","True","True","True","True","True","True","True","True","True","True","True","True","True","True","True","True","True","True","True","True","True","True","True","True","True","True","True","True","True","True","True"
"2026-08-18","2026-08-18","finley.fox@example.com","2026-03-21","2026-08-02","30","False","False","False","False","False","False","False","False","False","False","False","False","False","False","False","False","False","False","False","False","False","False","False","False","False","False","False","False","False","False","False","False","False","False"
"2026-08-18","2026-08-18","gray.gupta@example.com","2026-03-21","2026-07-30","30","True","True","True","True","True","True","True","True","True","True","True","True","True","True","True","True","True","True","True","True","True","True","True","True","True","True","True","True","True","True","True","True","True","True"
"2026-08-18","2026-08-18","harper.hale@example.com","2026-03-21","2026-07-27","30","False","False","False","False","False","False","False","False","False","False","False","False","False","False","False","False","False","False","False","False","False","False","False","False","False","False","False","False","False","False","False","False","False","False"
"2026-08-18","2026-08-18","indigo.ito@example.com","2026-03-21","2026-07-24","30","True","True","True","True","True","True","True","True","True","True","True","True","True","True","True","True","True","True","True","True","True","True","True","True","True","True","True","True","True","True","True","True","True","True"
"2026-08-18","2026-08-18","jules.jung@example.com","2026-03-21","","30","False","False","False","False","False","False","False","False","False","False","False","False","False","False","False","False","False","False","False","False","False","False","False","False","False","False","False","False","False","False","False","False","False","False"
"2026-08-18","2026-08-18","kai.kovacs@example.com","2026-03-21","","30","True","True","True","True","True","True","True","True","True","True","True","True","True","True","True","True","True","True","True","True","True","True","True","True","True","True","True","True","True","True","True","True","True","True"
"2026-08-18","2026-08-18","lane.lopez@example.com","2026-03-21","","30","False","False","False","False","False","False","False","False","False","False","False","False","False","False","False","False","False","False","False","False","False","False","False","False","False","False","False","False","False","False","False","False","False","False"
"2026-08-25","2026-08-25","avery.abara@example.com","2026-03-28","2026-08-24","30","True","True","True","True","True","True","True","True","True","True","True","True","True","True","True","True","True","True","True","True","True","True","True","True","True","True","True","True","True","True","True","True","True","True"
"2026-08-25","2026-08-25","blake.brandt@example.com","2026-03-28","2026-08-21","30","False","False","False","False","False","False","False","False","False","False","False","False","False","False","False","False","False","False","False","False","False","False","False","False","False","False","False","False","False","False","False","False","False","False"
"2026-08-25","2026-08-25","casey.chaudhry@example.com","2026-03-28","2026-08-18","30","True","True","True","True","True","True","True","True","True","True","True","True","True","True","True","True","True","True","True","True","True","True","True","True","True","True","True","True","True","True","True","True","True","True"
"2026-08-25","2026-08-25","devon.diaz@example.com","2026-03-28","2026-08-15","30","False","False","False","False","False","False","False","False","False","False","False","False","False","False","False","False","False","False","False","False","False","False","False","False","False","False","False","False","False","False","False","False","False","False"
"2026-08-25","2026-08-25","emery.eze@example.com","2026-03-28","2026-08-12","30","True","True","True","True","True","True","True","True","True","True","True","True","True","True","True","True","True","True","True","True","True","True","True","True","True","True","True","True","True","True","True","True","True","True"
"2026-08-25","2026-08-25","finley.fox@example.com","2026-03-28","2026-08-09","30","False","False","False","False","False","False","False","False","False","False","False","False","False","False","False","False","False","False","False","False","False","False","False","False","False","False","False","False","False","False","False","False","False","False"
"2026-08-25","2026-08-25","gray.gupta@example.com","2026-03-28","2026-08-06","30","True","True","True","True","True","True","True","True","True","True","True","True","True","True","True","True","True","True","True","True","True","True","True","True","True","True","True","True","True","True","True","True","True","True"
"2026-08-25","2026-08-25","harper.hale@example.com","2026-03-28","2026-08-03","30","False","False","False","False","False","False","False","False","False","False","False","False","False","False","False","False","False","False","False","False","False","False","False","False","False","False","False","False","False","False","False","False","False","False"
"2026-08-25","2026-08-25","indigo.ito@example.com","2026-03-28","2026-07-31","30","True","True","True","True","True","True","True","True","True","True","True","True","True","True","True","True","True","True","True","True","True","True","True","True","True","True","True","True","True","True","True","True","True","True"
"2026-08-25","2026-08-25","jules.jung@example.com","2026-03-28","","30","False","False","False","False","False","False","False","False","False","False","False","False","False","False","False","False","False","False","False","False","False","False","False","False","False","False","False","False","False","False","False","False","False","False"
"2026-08-25","2026-08-25","kai.kovacs@example.com","2026-03-28","","30","True","True","True","True","True","True","True","True","True","True","True","True","True","True","True","True","True","True","True","True","True","True","True","True","True","True","True","True","True","True","True","True","True","True"
"2026-08-25","2026-08-25","lane.lopez@example.com","2026-03-28","","30","False","False","False","False","False","False","False","False","False","False","False","False","False","False","False","False","False","False","False","False","False","False","False","False","False","False","False","False","False","False","False","False","False","False"
"2026-09-01","2026-09-01","avery.abara@example.com","2026-04-04","2026-08-31","30","True","True","True","True","True","True","True","True","True","True","True","True","True","True","True","True","True","True","True","True","True","True","True","True","True","True","True","True","True","True","True","True","True","True"
"2026-09-01","2026-09-01","blake.brandt@example.com","2026-04-04","2026-08-28","30","False","False","False","False","False","False","False","False","False","False","False","False","False","False","False","False","False","False","False","False","False","False","False","False","False","False","False","False","False","False","False","False","False","False"
"2026-09-01","2026-09-01","casey.chaudhry@example.com","2026-04-04","2026-08-25","30","True","True","True","True","True","True","True","True","True","True","True","True","True","True","True","True","True","True","True","True","True","True","True","True","True","True","True","True","True","True","True","True","True","True"
"2026-09-01","2026-09-01","devon.diaz@example.com","2026-04-04","2026-08-22","30","False","False","False","False","False","False","False","False","False","False","False","False","False","False","False","False","False","False","False","False","False","False","False","False","False","False","False","False","False","False","False","False","False","False"
"2026-09-01","2026-09-01","emery.eze@example.com","2026-04-04","2026-08-19","30","True","True","True","True","True","True","True","True","True","True","True","True","True","True","True","True","True","True","True","True","True","True","True","True","True","True","True","True","True","True","True","True","True","True"
"2026-09-01","2026-09-01","finley.fox@example.com","2026-04-04","2026-08-16","30","False","False","False","False","False","False","False","False","False","False","False","False","False","False","False","False","False","False","False","False","False","False","False","False","False","False","False","False","False","False","False","False","False","False"
"2026-09-01","2026-09-01","gray.gupta@example.com","2026-04-04","2026-08-13","30","True","True","True","True","True","True","True","True","True","True","True","True","True","True","True","True","True","True","True","True","True","True","True","True","True","True","True","True","True","True","True","True","True","True"
"2026-09-01","2026-09-01","harper.hale@example.com","2026-04-04","2026-08-10","30","False","False","False","False","False","False","False","False","False","False","False","False","False","False","False","False","False","False","False","False","False","False","False","False","False","False","False","False","False","False","False","False","False","False"
"2026-09-01","2026-09-01","indigo.ito@example.com","2026-04-04","2026-08-07","30","True","True","True","True","True","True","True","True","True","True","True","True","True","True","True","True","True","True","True","True","True","True","True","True","True","True","True","True","True","True","True","True","True","True"
"2026-09-01","2026-09-01","jules.jung@example.com","2026-04-04","","30","False","False","False","False","False","False","False","False","False","False","False","False","False","False","False","False","False","False","False","False","False","False","False","False","False","False","False","False","False","False","False","False","False","False"
"2026-09-01","2026-09-01","kai.kovacs@example.com","2026-04-04","","30","True","True","True","True","True","True","True","True","True","True","True","True","True","True","True","True","True","True","True","True","True","True","True","True","True","True","True","True","True","True","True","True","True","True"
"2026-09-01","2026-09-01","lane.lopez@example.com","2026-04-04","","30","False","False","False","False","False","False","False","False","False","False","False","False","False","False","False","False","False","False","False","False","False","False","False","False","False","False","False","False","False","False","False","False","False","False"
