"RunDate","UserId","UserPrincipalName","AccountEnabled","UsageLocation","OfficeLocation","SkuId","AssignedByGroup","AssignmentType","State","Error","DisabledPlans"
"2026-08-18","3e9570b9-983c-5c10-5a95-c4e6f7719fb7","avery.abara@example.com","True","US","Tampa HQ","38775d0a-19f0-3d2f-6fe2-01e533751b67","","Direct","Active","",""
"2026-08-18","3e9570b9-983c-5c10-5a95-c4e6f7719fb7","avery.abara@example.com","True","US","Tampa HQ","721902d0-889d-e6e0-71a3-c33c8c48ca1e","d64aa896-04f0-5c68-d357-28d2f9e5fc4b","Group","Active","",""
"2026-08-18","3e9570b9-983c-5c10-5a95-c4e6f7719fb7","avery.abara@example.com","True","US","Tampa HQ","70157c56-0837-966b-bc14-8fd141d19320","","Direct","Active","",""
"2026-08-18","3e9570b9-983c-5c10-5a95-c4e6f7719fb7","avery.abara@example.com","True","US","Tampa HQ","0fe639ed-5a32-60e6-8c30-d8658b21a0fb","","Direct","Active","",""
"2026-08-18","f6bb6972-78a0-e4cb-8834-935b1ad496f7","blake.brandt@example.com","True","US","Tampa HQ","38775d0a-19f0-3d2f-6fe2-01e533751b67","","Direct","Active","",""
"2026-08-18","f6bb6972-78a0-e4cb-8834-935b1ad496f7","blake.brandt@example.com","True","US","Tampa HQ","721902d0-889d-e6e0-71a3-c33c8c48ca1e","d64aa896-04f0-5c68-d357-28d2f9e5fc4b","Group","Active","",""
"2026-08-18","eb9a7e3a-feb1-ee97-7b5a-40816562b871","casey.chaudhry@example.com","True","US","Austin Office","38775d0a-19f0-3d2f-6fe2-01e533751b67","","Direct","Active","",""
"2026-08-18","eb9a7e3a-feb1-ee97-7b5a-40816562b871","casey.chaudhry@example.com","True","US","Austin Office","721902d0-889d-e6e0-71a3-c33c8c48ca1e","d64aa896-04f0-5c68-d357-28d2f9e5fc4b","Group","Active","",""
"2026-08-18","eb9a7e3a-feb1-ee97-7b5a-40816562b871","casey.chaudhry@example.com","True","US","Austin Office","0fe639ed-5a32-60e6-8c30-d8658b21a0fb","","Direct","Active","",""
"2026-08-18","54417c87-f819-5aca-b463-7c013fc02def","devon.diaz@example.com","True","US","Austin Office","38775d0a-19f0-3d2f-6fe2-01e533751b67","","Direct","Active","",""
"2026-08-18","54417c87-f819-5aca-b463-7c013fc02def","devon.diaz@example.com","True","US","Austin Office","721902d0-889d-e6e0-71a3-c33c8c48ca1e","d64aa896-04f0-5c68-d357-28d2f9e5fc4b","Group","Active","",""
"2026-08-18","54417c87-f819-5aca-b463-7c013fc02def","devon.diaz@example.com","True","US","Austin Office","70157c56-0837-966b-bc14-8fd141d19320","","Direct","Active","",""
"2026-08-18","491d2136-6bc0-0823-241d-8b6323d2dbe9","emery.eze@example.com","True","US","Denver Office","38775d0a-19f0-3d2f-6fe2-01e533751b67","","Direct","Active","",""
"2026-08-18","491d2136-6bc0-0823-241d-8b6323d2dbe9","emery.eze@example.com","True","US","Denver Office","38775d0a-19f0-3d2f-6fe2-01e533751b67","d64aa896-04f0-5c68-d357-28d2f9e5fc4b","Group","Active","",""
"2026-08-18","f9b5194d-8621-91cf-fd9a-1bec3b9a1291","finley.fox@example.com","True","US","Denver Office","38775d0a-19f0-3d2f-6fe2-01e533751b67","","Direct","Active","",""
"2026-08-18","5354972b-10c6-4b1d-f4da-3ff69091a117","gray.gupta@example.com","True","US","Tampa HQ","38775d0a-19f0-3d2f-6fe2-01e533751b67","","Direct","Active","",""
"2026-08-18","5354972b-10c6-4b1d-f4da-3ff69091a117","gray.gupta@example.com","True","US","Tampa HQ","70157c56-0837-966b-bc14-8fd141d19320","","Direct","Active","",""
"2026-08-18","af3a1472-9a15-b84d-c3d0-081be98379d1","harper.hale@example.com","True","CA","Toronto Office","38775d0a-19f0-3d2f-6fe2-01e533751b67","","Direct","Active","",""
"2026-08-18","299543a6-0887-ad97-2dab-909a6c0879d4","indigo.ito@example.com","True","CA","Toronto Office","38775d0a-19f0-3d2f-6fe2-01e533751b67","","Direct","Active","",""
"2026-08-18","0c57fe27-fc16-9b06-0340-152f0b57c525","jules.jung@example.com","True","US","Austin Office","38775d0a-19f0-3d2f-6fe2-01e533751b67","","Direct","Active","",""
"2026-08-18","0c57fe27-fc16-9b06-0340-152f0b57c525","jules.jung@example.com","True","US","Austin Office","70157c56-0837-966b-bc14-8fd141d19320","","Direct","Active","",""
"2026-08-18","98825deb-0beb-01a2-e7ef-bc1d56c88f47","kai.kovacs@example.com","True","US","Austin Office","38775d0a-19f0-3d2f-6fe2-01e533751b67","","Direct","Active","",""
"2026-08-25","3e9570b9-983c-5c10-5a95-c4e6f7719fb7","avery.abara@example.com","True","US","Tampa HQ","38775d0a-19f0-3d2f-6fe2-01e533751b67","","Direct","Active","",""
"2026-08-25","3e9570b9-983c-5c10-5a95-c4e6f7719fb7","avery.abara@example.com","True","US","Tampa HQ","721902d0-889d-e6e0-71a3-c33c8c48ca1e","d64aa896-04f0-5c68-d357-28d2f9e5fc4b","Group","Active","",""
"2026-08-25","3e9570b9-983c-5c10-5a95-c4e6f7719fb7","avery.abara@example.com","True","US","Tampa HQ","70157c56-0837-966b-bc14-8fd141d19320","","Direct","Active","",""
"2026-08-25","3e9570b9-983c-5c10-5a95-c4e6f7719fb7","avery.abara@example.com","True","US","Tampa HQ","0fe639ed-5a32-60e6-8c30-d8658b21a0fb","","Direct","Active","",""
"2026-08-25","f6bb6972-78a0-e4cb-8834-935b1ad496f7","blake.brandt@example.com","True","US","Tampa HQ","38775d0a-19f0-3d2f-6fe2-01e533751b67","","Direct","Active","",""
"2026-08-25","f6bb6972-78a0-e4cb-8834-935b1ad496f7","blake.brandt@example.com","True","US","Tampa HQ","721902d0-889d-e6e0-71a3-c33c8c48ca1e","d64aa896-04f0-5c68-d357-28d2f9e5fc4b","Group","Active","",""
"2026-08-25","eb9a7e3a-feb1-ee97-7b5a-40816562b871","casey.chaudhry@example.com","True","US","Austin Office","38775d0a-19f0-3d2f-6fe2-01e533751b67","","Direct","Active","",""
"2026-08-25","eb9a7e3a-feb1-ee97-7b5a-40816562b871","casey.chaudhry@example.com","True","US","Austin Office","721902d0-889d-e6e0-71a3-c33c8c48ca1e","d64aa896-04f0-5c68-d357-28d2f9e5fc4b","Group","Active","",""
"2026-08-25","eb9a7e3a-feb1-ee97-7b5a-40816562b871","casey.chaudhry@example.com","True","US","Austin Office","0fe639ed-5a32-60e6-8c30-d8658b21a0fb","","Direct","Active","",""
"2026-08-25","54417c87-f819-5aca-b463-7c013fc02def","devon.diaz@example.com","True","US","Austin Office","38775d0a-19f0-3d2f-6fe2-01e533751b67","","Direct","Active","",""
"2026-08-25","54417c87-f819-5aca-b463-7c013fc02def","devon.diaz@example.com","True","US","Austin Office","721902d0-889d-e6e0-71a3-c33c8c48ca1e","d64aa896-04f0-5c68-d357-28d2f9e5fc4b","Group","Active","",""
"2026-08-25","54417c87-f819-5aca-b463-7c013fc02def","devon.diaz@example.com","True","US","Austin Office","70157c56-0837-966b-bc14-8fd141d19320","","Direct","Active","",""
"2026-08-25","491d2136-6bc0-0823-241d-8b6323d2dbe9","emery.eze@example.com","True","US","Denver Office","38775d0a-19f0-3d2f-6fe2-01e533751b67","","Direct","Active","",""
"2026-08-25","491d2136-6bc0-0823-241d-8b6323d2dbe9","emery.eze@example.com","True","US","Denver Office","38775d0a-19f0-3d2f-6fe2-01e533751b67","d64aa896-04f0-5c68-d357-28d2f9e5fc4b","Group","Active","",""
"2026-08-25","f9b5194d-8621-91cf-fd9a-1bec3b9a1291","finley.fox@example.com","True","US","Denver Office","38775d0a-19f0-3d2f-6fe2-01e533751b67","","Direct","Active","",""
"2026-08-25","f9b5194d-8621-91cf-fd9a-1bec3b9a1291","finley.fox@example.com","True","US","Denver Office","0fe639ed-5a32-60e6-8c30-d8658b21a0fb","","Direct","Error","CountViolation",""
"2026-08-25","5354972b-10c6-4b1d-f4da-3ff69091a117","gray.gupta@example.com","True","US","Tampa HQ","38775d0a-19f0-3d2f-6fe2-01e533751b67","","Direct","Active","",""
"2026-08-25","5354972b-10c6-4b1d-f4da-3ff69091a117","gray.gupta@example.com","True","US","Tampa HQ","70157c56-0837-966b-bc14-8fd141d19320","","Direct","Active","",""
"2026-08-25","af3a1472-9a15-b84d-c3d0-081be98379d1","harper.hale@example.com","True","CA","Toronto Office","38775d0a-19f0-3d2f-6fe2-01e533751b67","","Direct","Active","",""
"2026-08-25","299543a6-0887-ad97-2dab-909a6c0879d4","indigo.ito@example.com","True","CA","Toronto Office","38775d0a-19f0-3d2f-6fe2-01e533751b67","","Direct","Active","",""
"2026-08-25","0c57fe27-fc16-9b06-0340-152f0b57c525","jules.jung@example.com","True","US","Austin Office","38775d0a-19f0-3d2f-6fe2-01e533751b67","","Direct","Active","",""
"2026-08-25","0c57fe27-fc16-9b06-0340-152f0b57c525","jules.jung@example.com","True","US","Austin Office","70157c56-0837-966b-bc14-8fd141d19320","","Direct","Active","",""
"2026-08-25","98825deb-0beb-01a2-e7ef-bc1d56c88f47","kai.kovacs@example.com","True","US","Austin Office","38775d0a-19f0-3d2f-6fe2-01e533751b67","","Direct","Active","",""
"2026-08-25","5a797a5c-478f-8e8e-84c8-827d2153ca75","lane.lopez@example.com","False","US","Tampa HQ","38775d0a-19f0-3d2f-6fe2-01e533751b67","","Direct","Active","",""
"2026-09-01","3e9570b9-983c-5c10-5a95-c4e6f7719fb7","avery.abara@example.com","True","US","Tampa HQ","38775d0a-19f0-3d2f-6fe2-01e533751b67","","Direct","Active","",""
"2026-09-01","3e9570b9-983c-5c10-5a95-c4e6f7719fb7","avery.abara@example.com","True","US","Tampa HQ","721902d0-889d-e6e0-71a3-c33c8c48ca1e","d64aa896-04f0-5c68-d357-28d2f9e5fc4b","Group","Active","",""
"2026-09-01","3e9570b9-983c-5c10-5a95-c4e6f7719fb7","avery.abara@example.com","True","US","Tampa HQ","70157c56-0837-966b-bc14-8fd141d19320","","Direct","Active","",""
"2026-09-01","3e9570b9-983c-5c10-5a95-c4e6f7719fb7","avery.abara@example.com","True","US","Tampa HQ","0fe639ed-5a32-60e6-8c30-d8658b21a0fb","","Direct","Active","",""
"2026-09-01","f6bb6972-78a0-e4cb-8834-935b1ad496f7","blake.brandt@example.com","True","US","Tampa HQ","38775d0a-19f0-3d2f-6fe2-01e533751b67","","Direct","Active","",""
"2026-09-01","f6bb6972-78a0-e4cb-8834-935b1ad496f7","blake.brandt@example.com","True","US","Tampa HQ","721902d0-889d-e6e0-71a3-c33c8c48ca1e","d64aa896-04f0-5c68-d357-28d2f9e5fc4b","Group","Active","",""
"2026-09-01","eb9a7e3a-feb1-ee97-7b5a-40816562b871","casey.chaudhry@example.com","True","US","Austin Office","38775d0a-19f0-3d2f-6fe2-01e533751b67","","Direct","Active","",""
"2026-09-01","eb9a7e3a-feb1-ee97-7b5a-40816562b871","casey.chaudhry@example.com","True","US","Austin Office","721902d0-889d-e6e0-71a3-c33c8c48ca1e","d64aa896-04f0-5c68-d357-28d2f9e5fc4b","Group","Active","",""
"2026-09-01","eb9a7e3a-feb1-ee97-7b5a-40816562b871","casey.chaudhry@example.com","True","US","Austin Office","0fe639ed-5a32-60e6-8c30-d8658b21a0fb","","Direct","Active","",""
"2026-09-01","54417c87-f819-5aca-b463-7c013fc02def","devon.diaz@example.com","True","US","Austin Office","38775d0a-19f0-3d2f-6fe2-01e533751b67","","Direct","Active","",""
"2026-09-01","54417c87-f819-5aca-b463-7c013fc02def","devon.diaz@example.com","True","US","Austin Office","721902d0-889d-e6e0-71a3-c33c8c48ca1e","d64aa896-04f0-5c68-d357-28d2f9e5fc4b","Group","Active","",""
"2026-09-01","54417c87-f819-5aca-b463-7c013fc02def","devon.diaz@example.com","True","US","Austin Office","70157c56-0837-966b-bc14-8fd141d19320","","Direct","Active","",""
"2026-09-01","491d2136-6bc0-0823-241d-8b6323d2dbe9","emery.eze@example.com","True","US","Denver Office","38775d0a-19f0-3d2f-6fe2-01e533751b67","","Direct","Active","",""
"2026-09-01","491d2136-6bc0-0823-241d-8b6323d2dbe9","emery.eze@example.com","True","US","Denver Office","38775d0a-19f0-3d2f-6fe2-01e533751b67","d64aa896-04f0-5c68-d357-28d2f9e5fc4b","Group","Active","",""
"2026-09-01","f9b5194d-8621-91cf-fd9a-1bec3b9a1291","finley.fox@example.com","True","US","Denver Office","38775d0a-19f0-3d2f-6fe2-01e533751b67","","Direct","Active","",""
"2026-09-01","f9b5194d-8621-91cf-fd9a-1bec3b9a1291","finley.fox@example.com","True","US","Denver Office","0fe639ed-5a32-60e6-8c30-d8658b21a0fb","","Direct","Error","CountViolation",""
"2026-09-01","5354972b-10c6-4b1d-f4da-3ff69091a117","gray.gupta@example.com","True","US","Tampa HQ","38775d0a-19f0-3d2f-6fe2-01e533751b67","","Direct","Active","",""
"2026-09-01","5354972b-10c6-4b1d-f4da-3ff69091a117","gray.gupta@example.com","True","US","Tampa HQ","70157c56-0837-966b-bc14-8fd141d19320","","Direct","Active","",""
"2026-09-01","af3a1472-9a15-b84d-c3d0-081be98379d1","harper.hale@example.com","True","CA","Toronto Office","38775d0a-19f0-3d2f-6fe2-01e533751b67","","Direct","Active","",""
"2026-09-01","299543a6-0887-ad97-2dab-909a6c0879d4","indigo.ito@example.com","True","CA","Toronto Office","38775d0a-19f0-3d2f-6fe2-01e533751b67","","Direct","Active","",""
"2026-09-01","0c57fe27-fc16-9b06-0340-152f0b57c525","jules.jung@example.com","True","US","Austin Office","38775d0a-19f0-3d2f-6fe2-01e533751b67","","Direct","Active","",""
"2026-09-01","0c57fe27-fc16-9b06-0340-152f0b57c525","jules.jung@example.com","True","US","Austin Office","70157c56-0837-966b-bc14-8fd141d19320","","Direct","Active","",""
"2026-09-01","98825deb-0beb-01a2-e7ef-bc1d56c88f47","kai.kovacs@example.com","True","US","Austin Office","38775d0a-19f0-3d2f-6fe2-01e533751b67","","Direct","Active","",""
"2026-09-01","5a797a5c-478f-8e8e-84c8-827d2153ca75","lane.lopez@example.com","False","US","Tampa HQ","38775d0a-19f0-3d2f-6fe2-01e533751b67","","Direct","Active","",""
