"RunDate","Name","DomainName","DomainType","IsDefault"
"2026-07-01","example.com","example.com","Authoritative","True"
"2026-07-01","example.onmicrosoft.com","example.onmicrosoft.com","Authoritative","False"
"2026-07-01","mail.example.com","mail.example.com","InternalRelay","False"
"2026-08-01","example.com","example.com","Authoritative","True"
"2026-08-01","example.onmicrosoft.com","example.onmicrosoft.com","Authoritative","False"
"2026-08-01","mail.example.com","mail.example.com","InternalRelay","False"
"2026-09-01","example.com","example.com","Authoritative","True"
"2026-09-01","example.onmicrosoft.com","example.onmicrosoft.com","Authoritative","False"
"2026-09-01","mail.example.com","mail.example.com","InternalRelay","False"
