"RunDate","Scope","Identity","AuditDisabled","UnifiedAuditLogIngestionEnabled","DefaultAuditSet","AuditAdmin","AuditDelegate","AuditOwner"
"2026-07-01","Organization","Organization","False","True","","","",""
"2026-07-01","Mailbox","avery.jovanovic@example.com","","","Admin;Delegate;Owner","Update;MoveToDeletedItems;SoftDelete;HardDelete;SendAs;SendOnBehalf;Create;UpdateFolderPermissions","Update;MoveToDeletedItems;SoftDelete;HardDelete;SendAs;SendOnBehalf;Create;UpdateFolderPermissions","Update;MoveToDeletedItems;SoftDelete;HardDelete;UpdateFolderPermissions;UpdateInboxRules"
"2026-07-01","Mailbox","blair.quintero@example.com","","","Admin;Delegate;Owner","Update;MoveToDeletedItems;SoftDelete;HardDelete;SendAs;SendOnBehalf;Create;UpdateFolderPermissions","Update;MoveToDeletedItems;SoftDelete;HardDelete;SendAs;SendOnBehalf;Create;UpdateFolderPermissions","Update;MoveToDeletedItems;SoftDelete;HardDelete;UpdateFolderPermissions;UpdateInboxRules"
"2026-07-01","Mailbox","casey.dlamini@example.com","","","Admin;Delegate;Owner","Update;MoveToDeletedItems;SoftDelete;HardDelete;SendAs;SendOnBehalf;Create;UpdateFolderPermissions","Update;MoveToDeletedItems;SoftDelete;HardDelete;SendAs;SendOnBehalf;Create;UpdateFolderPermissions","Update;MoveToDeletedItems;SoftDelete;HardDelete;UpdateFolderPermissions;UpdateInboxRules"
"2026-07-01","Mailbox","devon.moreau@example.com","","","Admin;Delegate;Owner","Update;MoveToDeletedItems;SoftDelete;HardDelete;SendAs;SendOnBehalf;Create;UpdateFolderPermissions","Update;MoveToDeletedItems;SoftDelete;HardDelete;SendAs;SendOnBehalf;Create;UpdateFolderPermissions","Update;MoveToDeletedItems;SoftDelete;HardDelete;UpdateFolderPermissions;UpdateInboxRules"
"2026-07-01","Mailbox","emery.bergstrom@example.com","","","Admin;Delegate;Owner","Update;MoveToDeletedItems;SoftDelete;HardDelete;SendAs;SendOnBehalf;Create;UpdateFolderPermissions","Update;MoveToDeletedItems;SoftDelete;HardDelete;SendAs;SendOnBehalf;Create;UpdateFolderPermissions","Update;MoveToDeletedItems;SoftDelete;HardDelete;UpdateFolderPermissions;UpdateInboxRules"
"2026-07-01","Mailbox","finley.kowalski@example.com","","","Admin;Delegate;Owner","Update;MoveToDeletedItems;SoftDelete;HardDelete;SendAs;SendOnBehalf;Create;UpdateFolderPermissions","Update;MoveToDeletedItems;SoftDelete;HardDelete;SendAs;SendOnBehalf;Create;UpdateFolderPermissions","Update;MoveToDeletedItems;SoftDelete;HardDelete;UpdateFolderPermissions;UpdateInboxRules"
"2026-07-01","Mailbox","gray.silva@example.com","","","Admin;Delegate;Owner","Update;MoveToDeletedItems;SoftDelete;HardDelete;SendAs;SendOnBehalf;Create;UpdateFolderPermissions","Update;MoveToDeletedItems;SoftDelete;HardDelete;SendAs;SendOnBehalf;Create;UpdateFolderPermissions","Update;MoveToDeletedItems;SoftDelete;HardDelete;UpdateFolderPermissions;UpdateInboxRules"
"2026-07-01","Mailbox","harper.ibarra@example.com","","","Admin;Delegate;Owner","Update;MoveToDeletedItems;SoftDelete;HardDelete;SendAs;SendOnBehalf;Create;UpdateFolderPermissions","Update;MoveToDeletedItems;SoftDelete;HardDelete;SendAs;SendOnBehalf;Create;UpdateFolderPermissions","Update;MoveToDeletedItems;SoftDelete;HardDelete;UpdateFolderPermissions;UpdateInboxRules"
"2026-07-01","Mailbox","indigo.nakamura@example.com","","","Admin;Delegate;Owner","Update;MoveToDeletedItems;SoftDelete;HardDelete;SendAs;SendOnBehalf;Create;UpdateFolderPermissions","Update;MoveToDeletedItems;SoftDelete;HardDelete;SendAs;SendOnBehalf;Create;UpdateFolderPermissions","Update;MoveToDeletedItems;SoftDelete;HardDelete;UpdateFolderPermissions;UpdateInboxRules"
"2026-07-01","Mailbox","jordan.chaudhry@example.com","","","Admin;Delegate;Owner","Update;MoveToDeletedItems;SoftDelete;HardDelete;SendAs;SendOnBehalf;Create;UpdateFolderPermissions","Update;MoveToDeletedItems;SoftDelete;HardDelete;SendAs;SendOnBehalf;Create;UpdateFolderPermissions","Update;MoveToDeletedItems;SoftDelete;HardDelete;UpdateFolderPermissions;UpdateInboxRules"
"2026-08-01","Organization","Organization","False","True","","","",""
"2026-08-01","Mailbox","avery.jovanovic@example.com","","","Admin;Delegate;Owner","Update;MoveToDeletedItems;SoftDelete;HardDelete;SendAs;SendOnBehalf;Create;UpdateFolderPermissions","Update;MoveToDeletedItems;SoftDelete;HardDelete;SendAs;SendOnBehalf;Create;UpdateFolderPermissions","Update;MoveToDeletedItems;SoftDelete;HardDelete;UpdateFolderPermissions;UpdateInboxRules"
"2026-08-01","Mailbox","blair.quintero@example.com","","","Admin;Delegate;Owner","Update;MoveToDeletedItems;SoftDelete;HardDelete;SendAs;SendOnBehalf;Create;UpdateFolderPermissions","Update;MoveToDeletedItems;SoftDelete;HardDelete;SendAs;SendOnBehalf;Create;UpdateFolderPermissions","Update;MoveToDeletedItems;SoftDelete;HardDelete;UpdateFolderPermissions;UpdateInboxRules"
"2026-08-01","Mailbox","casey.dlamini@example.com","","","Admin;Delegate;Owner","Update;MoveToDeletedItems;SoftDelete;HardDelete;SendAs;SendOnBehalf;Create;UpdateFolderPermissions","Update;MoveToDeletedItems;SoftDelete;HardDelete;SendAs;SendOnBehalf;Create;UpdateFolderPermissions","Update;MoveToDeletedItems;SoftDelete;HardDelete;UpdateFolderPermissions;UpdateInboxRules"
"2026-08-01","Mailbox","devon.moreau@example.com","","","Admin;Delegate;Owner","Update;MoveToDeletedItems;SoftDelete;HardDelete;SendAs;SendOnBehalf;Create;UpdateFolderPermissions","Update;MoveToDeletedItems;SoftDelete;HardDelete;SendAs;SendOnBehalf;Create;UpdateFolderPermissions","Update;MoveToDeletedItems;SoftDelete;HardDelete;UpdateFolderPermissions;UpdateInboxRules"
"2026-08-01","Mailbox","emery.bergstrom@example.com","","","Admin;Delegate;Owner","Update;MoveToDeletedItems;SoftDelete;HardDelete;SendAs;SendOnBehalf;Create;UpdateFolderPermissions","Update;MoveToDeletedItems;SoftDelete;HardDelete;SendAs;SendOnBehalf;Create;UpdateFolderPermissions","Update;MoveToDeletedItems;SoftDelete;HardDelete;UpdateFolderPermissions;UpdateInboxRules"
"2026-08-01","Mailbox","finley.kowalski@example.com","","","Admin;Delegate;Owner","Update;MoveToDeletedItems;SoftDelete;HardDelete;SendAs;SendOnBehalf;Create;UpdateFolderPermissions","Update;MoveToDeletedItems;SoftDelete;HardDelete;SendAs;SendOnBehalf;Create;UpdateFolderPermissions","Update;MoveToDeletedItems;SoftDelete;HardDelete;UpdateFolderPermissions;UpdateInboxRules"
"2026-08-01","Mailbox","gray.silva@example.com","","","Admin;Delegate;Owner","Update;MoveToDeletedItems;SoftDelete;HardDelete;SendAs;SendOnBehalf;Create;UpdateFolderPermissions","Update;MoveToDeletedItems;SoftDelete;HardDelete;SendAs;SendOnBehalf;Create;UpdateFolderPermissions","Update;MoveToDeletedItems;SoftDelete;HardDelete;UpdateFolderPermissions;UpdateInboxRules"
"2026-08-01","Mailbox","harper.ibarra@example.com","","","Admin;Delegate;Owner","Update;MoveToDeletedItems;SoftDelete;HardDelete;SendAs;SendOnBehalf;Create;UpdateFolderPermissions","Update;MoveToDeletedItems;SoftDelete;HardDelete;SendAs;SendOnBehalf;Create;UpdateFolderPermissions","Update;MoveToDeletedItems;SoftDelete;HardDelete;UpdateFolderPermissions;UpdateInboxRules"
"2026-08-01","Mailbox","indigo.nakamura@example.com","","","Admin;Delegate;Owner","Update;MoveToDeletedItems;SoftDelete;HardDelete;SendAs;SendOnBehalf;Create;UpdateFolderPermissions","Update;MoveToDeletedItems;SoftDelete;HardDelete;SendAs;SendOnBehalf;Create;UpdateFolderPermissions","Update;MoveToDeletedItems;SoftDelete;HardDelete;UpdateFolderPermissions;UpdateInboxRules"
"2026-08-01","Mailbox","jordan.chaudhry@example.com","","","Admin;Delegate;Owner","Update;MoveToDeletedItems;SoftDelete;HardDelete;SendAs;SendOnBehalf;Create;UpdateFolderPermissions","Update;MoveToDeletedItems;SoftDelete;HardDelete;SendAs;SendOnBehalf;Create;UpdateFolderPermissions","Update;MoveToDeletedItems;SoftDelete;HardDelete;UpdateFolderPermissions;UpdateInboxRules"
"2026-09-01","Organization","Organization","False","True","","","",""
"2026-09-01","Mailbox","avery.jovanovic@example.com","","","Admin;Delegate;Owner","Update;MoveToDeletedItems;SoftDelete;HardDelete;SendAs;SendOnBehalf;Create;UpdateFolderPermissions","Update;MoveToDeletedItems;SoftDelete;HardDelete;SendAs;SendOnBehalf;Create;UpdateFolderPermissions","Update;MoveToDeletedItems;SoftDelete;HardDelete;UpdateFolderPermissions;UpdateInboxRules"
"2026-09-01","Mailbox","blair.quintero@example.com","","","Admin;Delegate;Owner","Update;MoveToDeletedItems;SoftDelete;HardDelete;SendAs;SendOnBehalf;Create;UpdateFolderPermissions","Update;MoveToDeletedItems;SoftDelete;HardDelete;SendAs;SendOnBehalf;Create;UpdateFolderPermissions","Update;MoveToDeletedItems;SoftDelete;HardDelete;UpdateFolderPermissions;UpdateInboxRules"
"2026-09-01","Mailbox","casey.dlamini@example.com","","","Admin;Delegate;Owner","Update;MoveToDeletedItems;SoftDelete;HardDelete;SendAs;SendOnBehalf;Create;UpdateFolderPermissions","Update;MoveToDeletedItems;SoftDelete;HardDelete;SendAs;SendOnBehalf;Create;UpdateFolderPermissions","Update;MoveToDeletedItems;SoftDelete;HardDelete;UpdateFolderPermissions;UpdateInboxRules"
"2026-09-01","Mailbox","devon.moreau@example.com","","","Admin;Delegate;Owner","Update;MoveToDeletedItems;SoftDelete;HardDelete;SendAs;SendOnBehalf;Create;UpdateFolderPermissions","Update;MoveToDeletedItems;SoftDelete;HardDelete;SendAs;SendOnBehalf;Create;UpdateFolderPermissions","Update;MoveToDeletedItems;SoftDelete;HardDelete;UpdateFolderPermissions;UpdateInboxRules"
"2026-09-01","Mailbox","emery.bergstrom@example.com","","","Admin;Delegate;Owner","Update;MoveToDeletedItems;SoftDelete;HardDelete;SendAs;SendOnBehalf;Create;UpdateFolderPermissions","Update;MoveToDeletedItems;SoftDelete;HardDelete;SendAs;SendOnBehalf;Create;UpdateFolderPermissions","Update;MoveToDeletedItems;SoftDelete;HardDelete;UpdateFolderPermissions;UpdateInboxRules"
"2026-09-01","Mailbox","finley.kowalski@example.com","","","Admin;Delegate;Owner","Update;MoveToDeletedItems;SoftDelete;HardDelete;SendAs;SendOnBehalf;Create;UpdateFolderPermissions","Update;MoveToDeletedItems;SoftDelete;HardDelete;SendAs;SendOnBehalf;Create;UpdateFolderPermissions","Update;MoveToDeletedItems;SoftDelete;HardDelete;UpdateFolderPermissions;UpdateInboxRules"
"2026-09-01","Mailbox","gray.silva@example.com","","","Admin;Delegate;Owner","Update;MoveToDeletedItems;SoftDelete;HardDelete;SendAs;SendOnBehalf;Create;UpdateFolderPermissions","Update;MoveToDeletedItems;SoftDelete;HardDelete;SendAs;SendOnBehalf;Create;UpdateFolderPermissions","Update;MoveToDeletedItems;SoftDelete;HardDelete;UpdateFolderPermissions;UpdateInboxRules"
"2026-09-01","Mailbox","harper.ibarra@example.com","","","Admin;Delegate;Owner","Update;MoveToDeletedItems;SoftDelete;HardDelete;SendAs;SendOnBehalf;Create;UpdateFolderPermissions","Update;MoveToDeletedItems;SoftDelete;HardDelete;SendAs;SendOnBehalf;Create;UpdateFolderPermissions","Update;MoveToDeletedItems;SoftDelete;HardDelete;UpdateFolderPermissions;UpdateInboxRules"
"2026-09-01","Mailbox","indigo.nakamura@example.com","","","Admin;Delegate;Owner","Update;MoveToDeletedItems;SoftDelete;HardDelete;SendAs;SendOnBehalf;Create;UpdateFolderPermissions","Update;MoveToDeletedItems;SoftDelete;HardDelete;SendAs;SendOnBehalf;Create;UpdateFolderPermissions","Update;MoveToDeletedItems;SoftDelete;HardDelete;UpdateFolderPermissions;UpdateInboxRules"
"2026-09-01","Mailbox","jordan.chaudhry@example.com","","","Admin;Delegate;Owner","Update;MoveToDeletedItems;SoftDelete;HardDelete;SendAs;SendOnBehalf;Create;UpdateFolderPermissions","Update;MoveToDeletedItems;SoftDelete;HardDelete;SendAs;SendOnBehalf;Create;UpdateFolderPermissions","Update;MoveToDeletedItems;SoftDelete;HardDelete;UpdateFolderPermissions;UpdateInboxRules"
