"RunDate","MailboxUserPrincipalName","MailboxExternalDirectoryObjectId","RuleIdentity","RuleName","Enabled","Priority","ForwardTo","ForwardAsAttachmentTo","RedirectTo","DeleteMessage","TargetDomains","HasExternalTarget"
"2026-07-01","blair.quintero@example.com","f038775d-2f19-6f3d-e201-e533751b67e6","16752869479666409746","Forward invoices","True","2","""Contact 1"" [SMTP:inbox1@northwind.example.org]","","","False","northwind.example.org","True"
"2026-07-01","harper.ibarra@example.com","a4370fb6-1f2a-4454-42ed-39e60f325ae6","16752869479666362232","Move to Archive","True","4","","","""Contact 7"" [SMTP:logan.abara@example.com]","False","example.com","False"
"2026-07-01","nico.quintero@example.com","f796d41a-3a4e-9a7e-ebb1-fe97ee7b5a40","16752869479666314718","Cleanup","True","2","","","","True","",""
"2026-07-01","tatum.ibarra@example.com","d17983e9-a667-9543-2987-0897ad2dab90","16752869479666267204","Forward invoices","True","4","""Contact 19"" [SMTP:devon.abara24@example.com]","","","False","example.com","False"
"2026-07-01","finley.quintero26@example.com","a8f29bc6-ab13-f473-8f20-87c44f603a44","16752869479666219690","Move to Archive","True","2","","","""Contact 25"" [SMTP:inbox25@northwind.example.org]","False","northwind.example.org","True"
"2026-07-01","logan.ibarra32@example.com","c0c21203-6b52-4d39-c4c7-b7fdac2745e7","16752869479666172176","Cleanup","True","4","","","","True","",""
"2026-07-01","reese.quintero38@example.com","aa7a2e52-1370-a47c-ca3e-e03217d80a3d","16752869479666124662","Forward invoices","True","2","""Contact 37"" [SMTP:inbox37@northwind.example.org]","","","False","northwind.example.org","True"
"2026-08-01","blair.quintero@example.com","f038775d-2f19-6f3d-e201-e533751b67e6","16752869479666409746","Forward invoices","True","2","""Contact 1"" [SMTP:inbox1@northwind.example.org]","","","False","northwind.example.org","True"
"2026-08-01","harper.ibarra@example.com","a4370fb6-1f2a-4454-42ed-39e60f325ae6","16752869479666362232","Move to Archive","True","4","","","""Contact 7"" [SMTP:logan.abara@example.com]","False","example.com","False"
"2026-08-01","nico.quintero@example.com","f796d41a-3a4e-9a7e-ebb1-fe97ee7b5a40","16752869479666314718","Cleanup","True","2","","","","True","",""
"2026-08-01","tatum.ibarra@example.com","d17983e9-a667-9543-2987-0897ad2dab90","16752869479666267204","Forward invoices","True","4","""Contact 19"" [SMTP:devon.abara24@example.com]","","","False","example.com","False"
"2026-08-01","finley.quintero26@example.com","a8f29bc6-ab13-f473-8f20-87c44f603a44","16752869479666219690","Move to Archive","True","2","","","""Contact 25"" [SMTP:inbox25@northwind.example.org]","False","northwind.example.org","True"
"2026-08-01","logan.ibarra32@example.com","c0c21203-6b52-4d39-c4c7-b7fdac2745e7","16752869479666172176","Cleanup","True","4","","","","True","",""
"2026-08-01","reese.quintero38@example.com","aa7a2e52-1370-a47c-ca3e-e03217d80a3d","16752869479666124662","Forward invoices","True","2","""Contact 37"" [SMTP:inbox37@northwind.example.org]","","","False","northwind.example.org","True"
"2026-09-01","blair.quintero@example.com","f038775d-2f19-6f3d-e201-e533751b67e6","16752869479666409746","Forward invoices","True","2","""Contact 1"" [SMTP:inbox1@northwind.example.org]","","","False","northwind.example.org","True"
"2026-09-01","harper.ibarra@example.com","a4370fb6-1f2a-4454-42ed-39e60f325ae6","16752869479666362232","Move to Archive","True","4","","","""Contact 7"" [SMTP:logan.abara@example.com]","False","example.com","False"
"2026-09-01","nico.quintero@example.com","f796d41a-3a4e-9a7e-ebb1-fe97ee7b5a40","16752869479666314718","Cleanup","True","2","","","","True","",""
"2026-09-01","tatum.ibarra@example.com","d17983e9-a667-9543-2987-0897ad2dab90","16752869479666267204","Forward invoices","True","4","""Contact 19"" [SMTP:devon.abara24@example.com]","","","False","example.com","False"
"2026-09-01","finley.quintero26@example.com","a8f29bc6-ab13-f473-8f20-87c44f603a44","16752869479666219690","Move to Archive","True","2","","","""Contact 25"" [SMTP:inbox25@northwind.example.org]","False","northwind.example.org","True"
"2026-09-01","logan.ibarra32@example.com","c0c21203-6b52-4d39-c4c7-b7fdac2745e7","16752869479666172176","Cleanup","True","4","","","","True","",""
"2026-09-01","reese.quintero38@example.com","aa7a2e52-1370-a47c-ca3e-e03217d80a3d","16752869479666124662","Forward invoices","True","2","""Contact 37"" [SMTP:inbox37@northwind.example.org]","","","False","northwind.example.org","True"
