"RunDate","ExternalDirectoryObjectId","UserPrincipalName","PrimarySmtpAddress","ForwardingAddress","ForwardingSmtpAddress","ForwardingSmtpDomain","DeliverToMailboxAndForward","IsExternal"
"2026-07-01","237fd393-d3ec-b375-8ce6-72517a091e9d","casey.dlamini@example.com","casey.dlamini@example.com","Devon Moreau","","","True","False"
"2026-07-01","a4370fb6-1f2a-4454-42ed-39e60f325ae6","harper.ibarra@example.com","harper.ibarra@example.com","","smtp:kai.lindqvist@example.com","example.com","False","False"
"2026-07-01","b79f71f7-7235-bb69-f6a0-78cbe4883493","marlowe.jovanovic@example.com","marlowe.jovanovic@example.com","","smtp:inbox12@fabrikam.example.net","fabrikam.example.net","True","True"
"2026-07-01","91129a3b-2bbb-5497-53c6-101d4bf4da3f","reese.kowalski@example.com","reese.kowalski@example.com","Sage Silva","","","False","False"
"2026-07-01","478fc856-5c70-797a-5a8f-478e8e84c882","casey.lindqvist23@example.com","casey.lindqvist23@example.com","","smtp:finley.quintero26@example.com","example.com","True","False"
"2026-07-01","d5577168-cb99-f412-0bdb-c3e77ffbdcaf","harper.moreau28@example.com","harper.moreau28@example.com","","smtp:inbox27@fabrikam.example.net","fabrikam.example.net","False","True"
"2026-07-01","2fbb1608-9cce-4308-44a5-46432aedce27","marlowe.nakamura33@example.com","marlowe.nakamura33@example.com","Nico Chaudhry","","","True","False"
"2026-07-01","aa7a2e52-1370-a47c-ca3e-e03217d80a3d","reese.quintero38@example.com","reese.quintero38@example.com","","smtp:avery.jovanovic@example.com","example.com","False","False"
"2026-08-01","237fd393-d3ec-b375-8ce6-72517a091e9d","casey.dlamini@example.com","casey.dlamini@example.com","Devon Moreau","","","True","False"
"2026-08-01","a4370fb6-1f2a-4454-42ed-39e60f325ae6","harper.ibarra@example.com","harper.ibarra@example.com","","smtp:kai.lindqvist@example.com","example.com","False","False"
"2026-08-01","b79f71f7-7235-bb69-f6a0-78cbe4883493","marlowe.jovanovic@example.com","marlowe.jovanovic@example.com","","smtp:inbox12@fabrikam.example.net","fabrikam.example.net","True","True"
"2026-08-01","91129a3b-2bbb-5497-53c6-101d4bf4da3f","reese.kowalski@example.com","reese.kowalski@example.com","Sage Silva","","","False","False"
"2026-08-01","478fc856-5c70-797a-5a8f-478e8e84c882","casey.lindqvist23@example.com","casey.lindqvist23@example.com","","smtp:finley.quintero26@example.com","example.com","True","False"
"2026-08-01","d5577168-cb99-f412-0bdb-c3e77ffbdcaf","harper.moreau28@example.com","harper.moreau28@example.com","","smtp:inbox27@fabrikam.example.net","fabrikam.example.net","False","True"
"2026-08-01","2fbb1608-9cce-4308-44a5-46432aedce27","marlowe.nakamura33@example.com","marlowe.nakamura33@example.com","Nico Chaudhry","","","True","False"
"2026-08-01","aa7a2e52-1370-a47c-ca3e-e03217d80a3d","reese.quintero38@example.com","reese.quintero38@example.com","","smtp:avery.jovanovic@example.com","example.com","False","False"
"2026-09-01","237fd393-d3ec-b375-8ce6-72517a091e9d","casey.dlamini@example.com","casey.dlamini@example.com","Devon Moreau","","","True","False"
"2026-09-01","a4370fb6-1f2a-4454-42ed-39e60f325ae6","harper.ibarra@example.com","harper.ibarra@example.com","","smtp:kai.lindqvist@example.com","example.com","False","False"
"2026-09-01","b79f71f7-7235-bb69-f6a0-78cbe4883493","marlowe.jovanovic@example.com","marlowe.jovanovic@example.com","","smtp:inbox12@fabrikam.example.net","fabrikam.example.net","True","True"
"2026-09-01","91129a3b-2bbb-5497-53c6-101d4bf4da3f","reese.kowalski@example.com","reese.kowalski@example.com","Sage Silva","","","False","False"
"2026-09-01","478fc856-5c70-797a-5a8f-478e8e84c882","casey.lindqvist23@example.com","casey.lindqvist23@example.com","","smtp:finley.quintero26@example.com","example.com","True","False"
"2026-09-01","d5577168-cb99-f412-0bdb-c3e77ffbdcaf","harper.moreau28@example.com","harper.moreau28@example.com","","smtp:inbox27@fabrikam.example.net","fabrikam.example.net","False","True"
"2026-09-01","2fbb1608-9cce-4308-44a5-46432aedce27","marlowe.nakamura33@example.com","marlowe.nakamura33@example.com","Nico Chaudhry","","","True","False"
"2026-09-01","aa7a2e52-1370-a47c-ca3e-e03217d80a3d","reese.quintero38@example.com","reese.quintero38@example.com","","smtp:avery.jovanovic@example.com","example.com","False","False"
