"RunDate","ExternalDirectoryObjectId","UserPrincipalName","PrimarySmtpAddress","Delegate"
"2026-07-01","f0309939-1fa0-91d0-84ec-6aff4e305b60","avery.jovanovic@example.com","avery.jovanovic@example.com","Casey Dlamini"
"2026-07-01","a4370fb6-1f2a-4454-42ed-39e60f325ae6","harper.ibarra@example.com","harper.ibarra@example.com","Jordan Chaudhry"
"2026-07-01","71b86265-879d-417c-5419-f8ca5ab4637c","oakley.dlamini@example.com","oakley.dlamini@example.com","Quinn Bergstrom"
"2026-07-01","25c5570b-eb29-825d-98eb-0ba201e7efbc","blair.chaudhry22@example.com","blair.chaudhry22@example.com","Devon Abara"
"2026-07-01","ee23f190-443f-df72-9feb-6e96ba4cd62e","indigo.bergstrom29@example.com","indigo.bergstrom29@example.com","Kai Silva"
"2026-07-01","c6fb2f66-c217-e481-6a37-da4af6ece8cd","parker.abara36@example.com","parker.abara36@example.com","Reese Quintero"
"2026-08-01","f0309939-1fa0-91d0-84ec-6aff4e305b60","avery.jovanovic@example.com","avery.jovanovic@example.com","Casey Dlamini"
"2026-08-01","a4370fb6-1f2a-4454-42ed-39e60f325ae6","harper.ibarra@example.com","harper.ibarra@example.com","Jordan Chaudhry"
"2026-08-01","71b86265-879d-417c-5419-f8ca5ab4637c","oakley.dlamini@example.com","oakley.dlamini@example.com","Quinn Bergstrom"
"2026-08-01","25c5570b-eb29-825d-98eb-0ba201e7efbc","blair.chaudhry22@example.com","blair.chaudhry22@example.com","Devon Abara"
"2026-08-01","ee23f190-443f-df72-9feb-6e96ba4cd62e","indigo.bergstrom29@example.com","indigo.bergstrom29@example.com","Kai Silva"
"2026-08-01","c6fb2f66-c217-e481-6a37-da4af6ece8cd","parker.abara36@example.com","parker.abara36@example.com","Reese Quintero"
"2026-09-01","f0309939-1fa0-91d0-84ec-6aff4e305b60","avery.jovanovic@example.com","avery.jovanovic@example.com","Casey Dlamini"
"2026-09-01","a4370fb6-1f2a-4454-42ed-39e60f325ae6","harper.ibarra@example.com","harper.ibarra@example.com","Jordan Chaudhry"
"2026-09-01","71b86265-879d-417c-5419-f8ca5ab4637c","oakley.dlamini@example.com","oakley.dlamini@example.com","Quinn Bergstrom"
"2026-09-01","25c5570b-eb29-825d-98eb-0ba201e7efbc","blair.chaudhry22@example.com","blair.chaudhry22@example.com","Devon Abara"
"2026-09-01","ee23f190-443f-df72-9feb-6e96ba4cd62e","indigo.bergstrom29@example.com","indigo.bergstrom29@example.com","Kai Silva"
"2026-09-01","c6fb2f66-c217-e481-6a37-da4af6ece8cd","parker.abara36@example.com","parker.abara36@example.com","Reese Quintero"
