"RunDate","Name","Guid","State","Priority","RedirectMessageTo","BlindCopyTo","CopyTo","AddToRecipients","TargetDomains","HasExternalTarget"
"2026-07-01","Redirect legal hold","00000001-0002-0003-0102-030405060708","Enabled","0","compliance@example.com","","","","example.com","False"
"2026-07-01","Archive outbound","00000002-0002-0003-0102-030405060708","Enabled","1","archive@fabrikam.example.net","","","","fabrikam.example.net","True"
"2026-07-01","Blind copy finance","00000003-0002-0003-0102-030405060708","Enabled","2","","compliance@example.com","","","example.com","False"
"2026-07-01","Copy to compliance","00000004-0002-0003-0102-030405060708","Disabled","3","","","compliance@example.com","","example.com","False"
"2026-08-01","Redirect legal hold","00000001-0002-0003-0102-030405060708","Enabled","0","compliance@example.com","","","","example.com","False"
"2026-08-01","Archive outbound","00000002-0002-0003-0102-030405060708","Enabled","1","archive@fabrikam.example.net","","","","fabrikam.example.net","True"
"2026-08-01","Blind copy finance","00000003-0002-0003-0102-030405060708","Enabled","2","","compliance@example.com","","","example.com","False"
"2026-08-01","Copy to compliance","00000004-0002-0003-0102-030405060708","Disabled","3","","","compliance@example.com","","example.com","False"
"2026-09-01","Redirect legal hold","00000001-0002-0003-0102-030405060708","Enabled","0","compliance@example.com","","","","example.com","False"
"2026-09-01","Archive outbound","00000002-0002-0003-0102-030405060708","Enabled","1","archive@fabrikam.example.net","","","","fabrikam.example.net","True"
"2026-09-01","Blind copy finance","00000003-0002-0003-0102-030405060708","Enabled","2","","compliance@example.com","","","example.com","False"
"2026-09-01","Copy to compliance","00000004-0002-0003-0102-030405060708","Disabled","3","","","compliance@example.com","","example.com","False"
