"RunDate","ReportEntity","Workload","ReportId","ReportStartTime","ReportEndTime","SiteId","SiteUrl","ReportRow"
"2026-08-01","EveryoneExceptExternalUsersAtSite","SharePoint","00000001-0008-0021-0204-06080a0c0e10","2026-07-04T00:00:00Z","2026-08-01T00:00:00Z","0872385b-4292-ada0-c856-9d20f7639193","https://example.sharepoint.com/sites/allcompany","{""Site ID"":""0872385b-4292-ada0-c856-9d20f7639193"",""Site URL"":""https://example.sharepoint.com/sites/allcompany"",""Shared with EEEU"":""2""}"
"2026-08-01","EveryoneExceptExternalUsersAtSite","SharePoint","00000001-0008-0021-0204-06080a0c0e10","2026-07-04T00:00:00Z","2026-08-01T00:00:00Z","813e8943-c719-7719-94bc-f9484f2862f7","https://example.sharepoint.com/sites/finance","{""Site ID"":""813e8943-c719-7719-94bc-f9484f2862f7"",""Site URL"":""https://example.sharepoint.com/sites/finance"",""Shared with EEEU"":""3""}"
"2026-08-01","EveryoneExceptExternalUsersAtSite","SharePoint","00000001-0008-0021-0204-06080a0c0e10","2026-07-04T00:00:00Z","2026-08-01T00:00:00Z","3141acb3-8112-89ae-ab8c-8f7f50e4a9fb","https://example.sharepoint.com/sites/partners","{""Site ID"":""3141acb3-8112-89ae-ab8c-8f7f50e4a9fb"",""Site URL"":""https://example.sharepoint.com/sites/partners"",""Shared with EEEU"":""2""}"
"2026-08-01","EveryoneExceptExternalUsersForItems","SharePoint","00000001-0008-0023-0204-06080a0c0e10","2026-07-04T00:00:00Z","2026-08-01T00:00:00Z","0872385b-4292-ada0-c856-9d20f7639193","https://example.sharepoint.com/sites/allcompany","{""Site ID"":""0872385b-4292-ada0-c856-9d20f7639193"",""Site URL"":""https://example.sharepoint.com/sites/allcompany"",""Shared with EEEU"":""2""}"
"2026-08-01","EveryoneExceptExternalUsersForItems","SharePoint","00000001-0008-0023-0204-06080a0c0e10","2026-07-04T00:00:00Z","2026-08-01T00:00:00Z","813e8943-c719-7719-94bc-f9484f2862f7","https://example.sharepoint.com/sites/finance","{""Site ID"":""813e8943-c719-7719-94bc-f9484f2862f7"",""Site URL"":""https://example.sharepoint.com/sites/finance"",""Shared with EEEU"":""3""}"
"2026-08-01","EveryoneExceptExternalUsersForItems","SharePoint","00000001-0008-0023-0204-06080a0c0e10","2026-07-04T00:00:00Z","2026-08-01T00:00:00Z","3141acb3-8112-89ae-ab8c-8f7f50e4a9fb","https://example.sharepoint.com/sites/partners","{""Site ID"":""3141acb3-8112-89ae-ab8c-8f7f50e4a9fb"",""Site URL"":""https://example.sharepoint.com/sites/partners"",""Shared with EEEU"":""2""}"
"2026-09-01","EveryoneExceptExternalUsersAtSite","SharePoint","00000002-0008-0021-0204-06080a0c0e10","2026-08-04T00:00:00Z","2026-09-01T00:00:00Z","0872385b-4292-ada0-c856-9d20f7639193","https://example.sharepoint.com/sites/allcompany","{""Site ID"":""0872385b-4292-ada0-c856-9d20f7639193"",""Site URL"":""https://example.sharepoint.com/sites/allcompany"",""Shared with EEEU"":""3""}"
"2026-09-01","EveryoneExceptExternalUsersAtSite","SharePoint","00000002-0008-0021-0204-06080a0c0e10","2026-08-04T00:00:00Z","2026-09-01T00:00:00Z","813e8943-c719-7719-94bc-f9484f2862f7","https://example.sharepoint.com/sites/finance","{""Site ID"":""813e8943-c719-7719-94bc-f9484f2862f7"",""Site URL"":""https://example.sharepoint.com/sites/finance"",""Shared with EEEU"":""4""}"
"2026-09-01","EveryoneExceptExternalUsersAtSite","SharePoint","00000002-0008-0021-0204-06080a0c0e10","2026-08-04T00:00:00Z","2026-09-01T00:00:00Z","3141acb3-8112-89ae-ab8c-8f7f50e4a9fb","https://example.sharepoint.com/sites/partners","{""Site ID"":""3141acb3-8112-89ae-ab8c-8f7f50e4a9fb"",""Site URL"":""https://example.sharepoint.com/sites/partners"",""Shared with EEEU"":""3""}"
"2026-09-01","EveryoneExceptExternalUsersForItems","SharePoint","00000002-0008-0023-0204-06080a0c0e10","2026-08-04T00:00:00Z","2026-09-01T00:00:00Z","0872385b-4292-ada0-c856-9d20f7639193","https://example.sharepoint.com/sites/allcompany","{""Site ID"":""0872385b-4292-ada0-c856-9d20f7639193"",""Site URL"":""https://example.sharepoint.com/sites/allcompany"",""Shared with EEEU"":""3""}"
"2026-09-01","EveryoneExceptExternalUsersForItems","SharePoint","00000002-0008-0023-0204-06080a0c0e10","2026-08-04T00:00:00Z","2026-09-01T00:00:00Z","813e8943-c719-7719-94bc-f9484f2862f7","https://example.sharepoint.com/sites/finance","{""Site ID"":""813e8943-c719-7719-94bc-f9484f2862f7"",""Site URL"":""https://example.sharepoint.com/sites/finance"",""Shared with EEEU"":""4""}"
"2026-09-01","EveryoneExceptExternalUsersForItems","SharePoint","00000002-0008-0023-0204-06080a0c0e10","2026-08-04T00:00:00Z","2026-09-01T00:00:00Z","3141acb3-8112-89ae-ab8c-8f7f50e4a9fb","https://example.sharepoint.com/sites/partners","{""Site ID"":""3141acb3-8112-89ae-ab8c-8f7f50e4a9fb"",""Site URL"":""https://example.sharepoint.com/sites/partners"",""Shared with EEEU"":""3""}"
"2026-10-01","EveryoneExceptExternalUsersAtSite","SharePoint","00000003-0008-0021-0204-06080a0c0e10","2026-09-03T00:00:00Z","2026-10-01T00:00:00Z","0872385b-4292-ada0-c856-9d20f7639193","https://example.sharepoint.com/sites/allcompany","{""Site ID"":""0872385b-4292-ada0-c856-9d20f7639193"",""Site URL"":""https://example.sharepoint.com/sites/allcompany"",""Shared with EEEU"":""4""}"
"2026-10-01","EveryoneExceptExternalUsersAtSite","SharePoint","00000003-0008-0021-0204-06080a0c0e10","2026-09-03T00:00:00Z","2026-10-01T00:00:00Z","813e8943-c719-7719-94bc-f9484f2862f7","https://example.sharepoint.com/sites/finance","{""Site ID"":""813e8943-c719-7719-94bc-f9484f2862f7"",""Site URL"":""https://example.sharepoint.com/sites/finance"",""Shared with EEEU"":""5""}"
"2026-10-01","EveryoneExceptExternalUsersAtSite","SharePoint","00000003-0008-0021-0204-06080a0c0e10","2026-09-03T00:00:00Z","2026-10-01T00:00:00Z","3141acb3-8112-89ae-ab8c-8f7f50e4a9fb","https://example.sharepoint.com/sites/partners","{""Site ID"":""3141acb3-8112-89ae-ab8c-8f7f50e4a9fb"",""Site URL"":""https://example.sharepoint.com/sites/partners"",""Shared with EEEU"":""4""}"
"2026-10-01","EveryoneExceptExternalUsersForItems","SharePoint","00000003-0008-0023-0204-06080a0c0e10","2026-09-03T00:00:00Z","2026-10-01T00:00:00Z","0872385b-4292-ada0-c856-9d20f7639193","https://example.sharepoint.com/sites/allcompany","{""Site ID"":""0872385b-4292-ada0-c856-9d20f7639193"",""Site URL"":""https://example.sharepoint.com/sites/allcompany"",""Shared with EEEU"":""4""}"
"2026-10-01","EveryoneExceptExternalUsersForItems","SharePoint","00000003-0008-0023-0204-06080a0c0e10","2026-09-03T00:00:00Z","2026-10-01T00:00:00Z","813e8943-c719-7719-94bc-f9484f2862f7","https://example.sharepoint.com/sites/finance","{""Site ID"":""813e8943-c719-7719-94bc-f9484f2862f7"",""Site URL"":""https://example.sharepoint.com/sites/finance"",""Shared with EEEU"":""5""}"
"2026-10-01","EveryoneExceptExternalUsersForItems","SharePoint","00000003-0008-0023-0204-06080a0c0e10","2026-09-03T00:00:00Z","2026-10-01T00:00:00Z","3141acb3-8112-89ae-ab8c-8f7f50e4a9fb","https://example.sharepoint.com/sites/partners","{""Site ID"":""3141acb3-8112-89ae-ab8c-8f7f50e4a9fb"",""Site URL"":""https://example.sharepoint.com/sites/partners"",""Shared with EEEU"":""4""}"
