"RunDate","SiteId","Name","WebUrl","IsPersonalSite","HostName","DataLocationCode"
"2026-08-01","example.sharepoint.com,7112e239-5a79-0f99-cdb1-780d7f919d0e,a269dbe8-79ed-0c60-a597-57a7ff01ccee","Root Site","https://example.sharepoint.com","False","example.sharepoint.com",""
"2026-08-01","example.sharepoint.com,8a6ef634-684d-bf5e-8205-cce203f110cb,58f789e4-7e7a-24e8-96d5-1c8e974aa4e4","All Company","https://example.sharepoint.com/sites/allcompany","False","example.sharepoint.com",""
"2026-08-01","example.sharepoint.com,dd31164f-e3ca-b6a4-0e49-f3784bd02737,ca87e861-077f-a238-e949-8f24e0c82d33","Finance","https://example.sharepoint.com/sites/finance","False","example.sharepoint.com",""
"2026-08-01","example.sharepoint.com,0ebf652e-c6dc-4714-dd8f-f480537fd546,c234c01c-a691-9a1e-ce0f-36c20eef52c1","Human Resources","https://example.sharepoint.com/sites/hr","False","example.sharepoint.com",""
"2026-08-01","example.sharepoint.com,8e2cb3e7-9ff3-8866-4724-40cc905139ed,bb99333c-598a-fd3d-69b8-4e9a0194c735","Legal","https://example.sharepoint.com/sites/legal","False","example.sharepoint.com",""
"2026-08-01","example.sharepoint.com,9f4db6bd-6700-8d8a-752f-253a51cb86b2,6edf0b5d-de76-782a-6551-891d26591fde","Marketing","https://example.sharepoint.com/sites/marketing","False","example.sharepoint.com",""
"2026-08-01","example.sharepoint.com,d28781e5-7daa-dfac-8bd5-39aedd6c671c,256e460f-3bee-346b-d65a-d728f996d9d2","Engineering","https://example.sharepoint.com/sites/engineering","False","example.sharepoint.com",""
"2026-08-01","example.sharepoint.com,5884c8e6-d024-aa77-1552-fc4fa583e5f4,ba5366fc-c235-c34b-121f-a6f17afa4550","Partner Portal","https://example.sharepoint.com/sites/partners","False","example.sharepoint.com",""
"2026-08-01","example-my.sharepoint.com,8875cc17-ec32-24f4-7cc1-46042a86301a,f99bac0d-b442-7be1-b8ca-0fa933cb722d","Avery Abara","https://example-my.sharepoint.com/personal/avery_abara_example_com","True","example-my.sharepoint.com",""
"2026-08-01","example-my.sharepoint.com,a472745b-b048-63b9-eaf9-cf68dd4bf1b1,808e184e-82ac-4f95-8ed4-4125ff8f400e","Blair Bergstrom","https://example-my.sharepoint.com/personal/blair_bergstrom_example_com","True","example-my.sharepoint.com",""
"2026-08-01","example-my.sharepoint.com,2203032b-de1b-d978-df22-16746e94635b,f3fdc0b9-32fe-8057-33c7-8f36be0961d8","Casey Chaudhry","https://example-my.sharepoint.com/personal/casey_chaudhry_example_com","True","example-my.sharepoint.com",""
"2026-08-01","example-my.sharepoint.com,2dd16812-f6b8-f86e-ab83-ef534f411bd5,9a893dc1-669a-9ccf-cd71-818a5320c7c2","Devon Dlamini","https://example-my.sharepoint.com/personal/devon_dlamini_example_com","True","example-my.sharepoint.com",""
"2026-09-01","example.sharepoint.com,7112e239-5a79-0f99-cdb1-780d7f919d0e,a269dbe8-79ed-0c60-a597-57a7ff01ccee","Root Site","https://example.sharepoint.com","False","example.sharepoint.com",""
"2026-09-01","example.sharepoint.com,8a6ef634-684d-bf5e-8205-cce203f110cb,58f789e4-7e7a-24e8-96d5-1c8e974aa4e4","All Company","https://example.sharepoint.com/sites/allcompany","False","example.sharepoint.com",""
"2026-09-01","example.sharepoint.com,dd31164f-e3ca-b6a4-0e49-f3784bd02737,ca87e861-077f-a238-e949-8f24e0c82d33","Finance","https://example.sharepoint.com/sites/finance","False","example.sharepoint.com",""
"2026-09-01","example.sharepoint.com,0ebf652e-c6dc-4714-dd8f-f480537fd546,c234c01c-a691-9a1e-ce0f-36c20eef52c1","Human Resources","https://example.sharepoint.com/sites/hr","False","example.sharepoint.com",""
"2026-09-01","example.sharepoint.com,8e2cb3e7-9ff3-8866-4724-40cc905139ed,bb99333c-598a-fd3d-69b8-4e9a0194c735","Legal","https://example.sharepoint.com/sites/legal","False","example.sharepoint.com",""
"2026-09-01","example.sharepoint.com,9f4db6bd-6700-8d8a-752f-253a51cb86b2,6edf0b5d-de76-782a-6551-891d26591fde","Marketing","https://example.sharepoint.com/sites/marketing","False","example.sharepoint.com",""
"2026-09-01","example.sharepoint.com,d28781e5-7daa-dfac-8bd5-39aedd6c671c,256e460f-3bee-346b-d65a-d728f996d9d2","Engineering","https://example.sharepoint.com/sites/engineering","False","example.sharepoint.com",""
"2026-09-01","example.sharepoint.com,5884c8e6-d024-aa77-1552-fc4fa583e5f4,ba5366fc-c235-c34b-121f-a6f17afa4550","Partner Portal","https://example.sharepoint.com/sites/partners","False","example.sharepoint.com",""
"2026-09-01","example-my.sharepoint.com,8875cc17-ec32-24f4-7cc1-46042a86301a,f99bac0d-b442-7be1-b8ca-0fa933cb722d","Avery Abara","https://example-my.sharepoint.com/personal/avery_abara_example_com","True","example-my.sharepoint.com",""
"2026-09-01","example-my.sharepoint.com,a472745b-b048-63b9-eaf9-cf68dd4bf1b1,808e184e-82ac-4f95-8ed4-4125ff8f400e","Blair Bergstrom","https://example-my.sharepoint.com/personal/blair_bergstrom_example_com","True","example-my.sharepoint.com",""
"2026-09-01","example-my.sharepoint.com,2203032b-de1b-d978-df22-16746e94635b,f3fdc0b9-32fe-8057-33c7-8f36be0961d8","Casey Chaudhry","https://example-my.sharepoint.com/personal/casey_chaudhry_example_com","True","example-my.sharepoint.com",""
"2026-09-01","example-my.sharepoint.com,2dd16812-f6b8-f86e-ab83-ef534f411bd5,9a893dc1-669a-9ccf-cd71-818a5320c7c2","Devon Dlamini","https://example-my.sharepoint.com/personal/devon_dlamini_example_com","True","example-my.sharepoint.com",""
"2026-10-01","example.sharepoint.com,7112e239-5a79-0f99-cdb1-780d7f919d0e,a269dbe8-79ed-0c60-a597-57a7ff01ccee","Root Site","https://example.sharepoint.com","False","example.sharepoint.com",""
"2026-10-01","example.sharepoint.com,8a6ef634-684d-bf5e-8205-cce203f110cb,58f789e4-7e7a-24e8-96d5-1c8e974aa4e4","All Company","https://example.sharepoint.com/sites/allcompany","False","example.sharepoint.com",""
"2026-10-01","example.sharepoint.com,dd31164f-e3ca-b6a4-0e49-f3784bd02737,ca87e861-077f-a238-e949-8f24e0c82d33","Finance","https://example.sharepoint.com/sites/finance","False","example.sharepoint.com",""
"2026-10-01","example.sharepoint.com,0ebf652e-c6dc-4714-dd8f-f480537fd546,c234c01c-a691-9a1e-ce0f-36c20eef52c1","Human Resources","https://example.sharepoint.com/sites/hr","False","example.sharepoint.com",""
"2026-10-01","example.sharepoint.com,8e2cb3e7-9ff3-8866-4724-40cc905139ed,bb99333c-598a-fd3d-69b8-4e9a0194c735","Legal","https://example.sharepoint.com/sites/legal","False","example.sharepoint.com",""
"2026-10-01","example.sharepoint.com,9f4db6bd-6700-8d8a-752f-253a51cb86b2,6edf0b5d-de76-782a-6551-891d26591fde","Marketing","https://example.sharepoint.com/sites/marketing","False","example.sharepoint.com",""
"2026-10-01","example.sharepoint.com,d28781e5-7daa-dfac-8bd5-39aedd6c671c,256e460f-3bee-346b-d65a-d728f996d9d2","Engineering","https://example.sharepoint.com/sites/engineering","False","example.sharepoint.com",""
"2026-10-01","example.sharepoint.com,5884c8e6-d024-aa77-1552-fc4fa583e5f4,ba5366fc-c235-c34b-121f-a6f17afa4550","Partner Portal","https://example.sharepoint.com/sites/partners","False","example.sharepoint.com",""
"2026-10-01","example-my.sharepoint.com,8875cc17-ec32-24f4-7cc1-46042a86301a,f99bac0d-b442-7be1-b8ca-0fa933cb722d","Avery Abara","https://example-my.sharepoint.com/personal/avery_abara_example_com","True","example-my.sharepoint.com",""
"2026-10-01","example-my.sharepoint.com,a472745b-b048-63b9-eaf9-cf68dd4bf1b1,808e184e-82ac-4f95-8ed4-4125ff8f400e","Blair Bergstrom","https://example-my.sharepoint.com/personal/blair_bergstrom_example_com","True","example-my.sharepoint.com",""
"2026-10-01","example-my.sharepoint.com,2203032b-de1b-d978-df22-16746e94635b,f3fdc0b9-32fe-8057-33c7-8f36be0961d8","Casey Chaudhry","https://example-my.sharepoint.com/personal/casey_chaudhry_example_com","True","example-my.sharepoint.com",""
"2026-10-01","example-my.sharepoint.com,2dd16812-f6b8-f86e-ab83-ef534f411bd5,9a893dc1-669a-9ccf-cd71-818a5320c7c2","Devon Dlamini","https://example-my.sharepoint.com/personal/devon_dlamini_example_com","True","example-my.sharepoint.com",""
