"RunDate","Scope","Url","Title","Template","SharingCapability","DefaultSharingLinkType","DisableCompanyWideSharingLinks","SensitivityLabel"
"2026-08-01","Tenant","","","","ExternalUserAndGuestSharing","Direct","False",""
"2026-08-01","Site","https://example.sharepoint.com","Root Site","SITEPAGEPUBLISHING#0","ExternalUserAndGuestSharing","None","True",""
"2026-08-01","Site","https://example.sharepoint.com/sites/allcompany","All Company","SITEPAGEPUBLISHING#0","Disabled","Direct","False",""
"2026-08-01","Site","https://example.sharepoint.com/sites/finance","Finance","GROUP#0","ExternalUserSharingOnly","Internal","False","Confidential"
"2026-08-01","Site","https://example.sharepoint.com/sites/hr","Human Resources","GROUP#0","ExistingExternalUserSharingOnly","AnonymousAccess","False",""
"2026-08-01","Site","https://example.sharepoint.com/sites/legal","Legal","STS#3","ExternalUserAndGuestSharing","None","False","Confidential"
"2026-08-01","Site","https://example.sharepoint.com/sites/marketing","Marketing","GROUP#0","Disabled","Direct","True",""
"2026-08-01","Site","https://example.sharepoint.com/sites/engineering","Engineering","GROUP#0","ExternalUserSharingOnly","Internal","False",""
"2026-08-01","Site","https://example.sharepoint.com/sites/partners","Partner Portal","STS#3","ExistingExternalUserSharingOnly","AnonymousAccess","False",""
"2026-08-01","Site","https://example-my.sharepoint.com/personal/avery_abara_example_com","Avery Abara","SPSPERS#10","ExternalUserAndGuestSharing","None","False",""
"2026-08-01","Site","https://example-my.sharepoint.com/personal/blair_bergstrom_example_com","Blair Bergstrom","SPSPERS#10","Disabled","Direct","False",""
"2026-08-01","Site","https://example-my.sharepoint.com/personal/casey_chaudhry_example_com","Casey Chaudhry","SPSPERS#10","ExternalUserSharingOnly","Internal","True",""
"2026-08-01","Site","https://example-my.sharepoint.com/personal/devon_dlamini_example_com","Devon Dlamini","SPSPERS#10","ExistingExternalUserSharingOnly","AnonymousAccess","False",""
"2026-09-01","Tenant","","","","ExternalUserAndGuestSharing","Direct","False",""
"2026-09-01","Site","https://example.sharepoint.com","Root Site","SITEPAGEPUBLISHING#0","ExternalUserAndGuestSharing","Direct","True",""
"2026-09-01","Site","https://example.sharepoint.com/sites/allcompany","All Company","SITEPAGEPUBLISHING#0","Disabled","Internal","False",""
"2026-09-01","Site","https://example.sharepoint.com/sites/finance","Finance","GROUP#0","ExternalUserSharingOnly","AnonymousAccess","False","Confidential"
"2026-09-01","Site","https://example.sharepoint.com/sites/hr","Human Resources","GROUP#0","ExistingExternalUserSharingOnly","None","False",""
"2026-09-01","Site","https://example.sharepoint.com/sites/legal","Legal","STS#3","ExternalUserAndGuestSharing","Direct","False","Confidential"
"2026-09-01","Site","https://example.sharepoint.com/sites/marketing","Marketing","GROUP#0","Disabled","Internal","True",""
"2026-09-01","Site","https://example.sharepoint.com/sites/engineering","Engineering","GROUP#0","ExternalUserSharingOnly","AnonymousAccess","False",""
"2026-09-01","Site","https://example.sharepoint.com/sites/partners","Partner Portal","STS#3","ExistingExternalUserSharingOnly","None","False",""
"2026-09-01","Site","https://example-my.sharepoint.com/personal/avery_abara_example_com","Avery Abara","SPSPERS#10","ExternalUserAndGuestSharing","Direct","False",""
"2026-09-01","Site","https://example-my.sharepoint.com/personal/blair_bergstrom_example_com","Blair Bergstrom","SPSPERS#10","Disabled","Internal","False",""
"2026-09-01","Site","https://example-my.sharepoint.com/personal/casey_chaudhry_example_com","Casey Chaudhry","SPSPERS#10","ExternalUserSharingOnly","AnonymousAccess","True",""
"2026-09-01","Site","https://example-my.sharepoint.com/personal/devon_dlamini_example_com","Devon Dlamini","SPSPERS#10","ExistingExternalUserSharingOnly","None","False",""
"2026-10-01","Tenant","","","","ExternalUserAndGuestSharing","Direct","False",""
"2026-10-01","Site","https://example.sharepoint.com","Root Site","SITEPAGEPUBLISHING#0","ExternalUserAndGuestSharing","Internal","True",""
"2026-10-01","Site","https://example.sharepoint.com/sites/allcompany","All Company","SITEPAGEPUBLISHING#0","Disabled","AnonymousAccess","False",""
"2026-10-01","Site","https://example.sharepoint.com/sites/finance","Finance","GROUP#0","ExternalUserSharingOnly","None","False","Confidential"
"2026-10-01","Site","https://example.sharepoint.com/sites/hr","Human Resources","GROUP#0","ExistingExternalUserSharingOnly","Direct","False",""
"2026-10-01","Site","https://example.sharepoint.com/sites/legal","Legal","STS#3","ExternalUserAndGuestSharing","Internal","False","Confidential"
"2026-10-01","Site","https://example.sharepoint.com/sites/marketing","Marketing","GROUP#0","Disabled","AnonymousAccess","True",""
"2026-10-01","Site","https://example.sharepoint.com/sites/engineering","Engineering","GROUP#0","ExternalUserSharingOnly","None","False",""
"2026-10-01","Site","https://example.sharepoint.com/sites/partners","Partner Portal","STS#3","ExistingExternalUserSharingOnly","Direct","False",""
"2026-10-01","Site","https://example-my.sharepoint.com/personal/avery_abara_example_com","Avery Abara","SPSPERS#10","ExternalUserAndGuestSharing","Internal","False",""
"2026-10-01","Site","https://example-my.sharepoint.com/personal/blair_bergstrom_example_com","Blair Bergstrom","SPSPERS#10","Disabled","AnonymousAccess","False",""
"2026-10-01","Site","https://example-my.sharepoint.com/personal/casey_chaudhry_example_com","Casey Chaudhry","SPSPERS#10","ExternalUserSharingOnly","None","True",""
"2026-10-01","Site","https://example-my.sharepoint.com/personal/devon_dlamini_example_com","Devon Dlamini","SPSPERS#10","ExistingExternalUserSharingOnly","Direct","False",""
