"RunDate","Workload","ReportId","ReportDate","SiteId","SiteName","SiteUrl","SiteTemplate","PrimaryAdmin","PrimaryAdminEmail","ExternalSharing","SitePrivacy","SiteSensitivity","UsersWithAccess","GuestUserPermissions","ExternalParticipantPermissions","EntraGroupPermissions","FileCount","ItemsWithUniquePermissions","PeopleInYourOrgLinks","AnyoneLinks","EeeuPermissions","EveryonePermissions"
"2026-08-01","SharePoint","00000001-0001-0001-0102-030405060708","2026-07-30T18:00:00Z","1f162616-c326-9445-855f-e11667c13c1f","Root Site","https://example.sharepoint.com","Communication site","Avery Abara","avery.abara@example.com","No","","","15","0","0","0","200","0","0","0","0","0"
"2026-08-01","SharePoint","00000001-0001-0001-0102-030405060708","2026-07-30T18:00:00Z","0872385b-4292-ada0-c856-9d20f7639193","All Company","https://example.sharepoint.com/sites/allcompany","Communication site","Blair Bergstrom","blair.bergstrom@example.com","No","","","4200","1","0","1","513","7","3","5","3","0"
"2026-08-01","SharePoint","00000001-0001-0001-0102-030405060708","2026-07-30T18:00:00Z","813e8943-c719-7719-94bc-f9484f2862f7","Finance","https://example.sharepoint.com/sites/finance","Team site","Casey Chaudhry","casey.chaudhry@example.com","No","Private","Confidential","89","2","0","2","826","14","6","1","2","0"
"2026-08-01","SharePoint","00000001-0001-0001-0102-030405060708","2026-07-30T18:00:00Z","7bf598e7-1e09-7c56-74f7-a489d2992314","Human Resources","https://example.sharepoint.com/sites/hr","Team site","Devon Dlamini","devon.dlamini@example.com","No","Public","","126","3","0","3","1139","21","9","6","0","0"
"2026-08-01","SharePoint","00000001-0001-0001-0102-030405060708","2026-07-30T18:00:00Z","5adb21ec-c4c3-47cd-316c-33e4de8aec22","Legal","https://example.sharepoint.com/sites/legal","Communication site","Emery Ibarra","emery.ibarra@example.com","No","","Confidential","163","0","0","4","1452","28","12","2","1","0"
"2026-08-01","SharePoint","00000001-0001-0001-0102-030405060708","2026-07-30T18:00:00Z","4bdc2bcc-2846-8435-974e-e4939e92f666","Marketing","https://example.sharepoint.com/sites/marketing","Team site","Finley Jovanovic","finley.jovanovic@example.com","No","Public","","200","1","0","0","1765","35","15","7","2","0"
"2026-08-01","SharePoint","00000001-0001-0001-0102-030405060708","2026-07-30T18:00:00Z","a437235a-4cd1-4f34-7ffd-c071ee86a72a","Engineering","https://example.sharepoint.com/sites/engineering","Team site","Gray Kowalski","gray.kowalski@example.com","No","Private","","237","2","0","1","2078","2","18","3","0","0"
"2026-08-01","SharePoint","00000001-0001-0001-0102-030405060708","2026-07-30T18:00:00Z","3141acb3-8112-89ae-ab8c-8f7f50e4a9fb","Partner Portal","https://example.sharepoint.com/sites/partners","Communication site","Harper Lindqvist","harper.lindqvist@example.com","Yes","","","274","3","0","2","2391","9","21","8","3","1"
"2026-08-01","OneDriveForBusiness","00000001-0001-0002-0102-030405060708","2026-07-30T18:00:00Z","aed9aa76-bd85-c71d-b71d-b4513aa95f24","Avery Abara","https://example-my.sharepoint.com/personal/avery_abara_example_com","Other sites","Avery Abara","avery.abara@example.com","No","","","3","0","0","3","2704","16","24","4","2","0"
"2026-08-01","OneDriveForBusiness","00000001-0001-0002-0102-030405060708","2026-07-30T18:00:00Z","be4dea6a-ce59-c6e5-f076-c38bedb5ea6c","Blair Bergstrom","https://example-my.sharepoint.com/personal/blair_bergstrom_example_com","Other sites","Blair Bergstrom","blair.bergstrom@example.com","No","","","1","1","0","4","3017","23","2","0","0","0"
"2026-08-01","OneDriveForBusiness","00000001-0001-0002-0102-030405060708","2026-07-30T18:00:00Z","fcf9d4ea-1d8c-8bf3-7273-df36b871575c","Casey Chaudhry","https://example-my.sharepoint.com/personal/casey_chaudhry_example_com","Other sites","Casey Chaudhry","casey.chaudhry@example.com","No","","","2","2","0","0","3330","30","5","5","1","0"
"2026-08-01","OneDriveForBusiness","00000001-0001-0002-0102-030405060708","2026-07-30T18:00:00Z","55233370-3438-f320-6600-50082ea03c30","Devon Dlamini","https://example-my.sharepoint.com/personal/devon_dlamini_example_com","Other sites","Devon Dlamini","devon.dlamini@example.com","No","","","3","3","0","1","3643","37","8","1","2","0"
"2026-09-01","SharePoint","00000002-0001-0001-0102-030405060708","2026-08-30T18:00:00Z","1f162616-c326-9445-855f-e11667c13c1f","Root Site","https://example.sharepoint.com","Communication site","Avery Abara","avery.abara@example.com","No","","","26","0","0","0","200","0","0","1","0","0"
"2026-09-01","SharePoint","00000002-0001-0001-0102-030405060708","2026-08-30T18:00:00Z","0872385b-4292-ada0-c856-9d20f7639193","All Company","https://example.sharepoint.com/sites/allcompany","Communication site","Blair Bergstrom","blair.bergstrom@example.com","No","","","4200","1","0","1","513","7","3","6","4","0"
"2026-09-01","SharePoint","00000002-0001-0001-0102-030405060708","2026-08-30T18:00:00Z","813e8943-c719-7719-94bc-f9484f2862f7","Finance","https://example.sharepoint.com/sites/finance","Team site","Casey Chaudhry","casey.chaudhry@example.com","No","Private","Confidential","100","2","0","2","826","14","6","2","2","0"
"2026-09-01","SharePoint","00000002-0001-0001-0102-030405060708","2026-08-30T18:00:00Z","7bf598e7-1e09-7c56-74f7-a489d2992314","Human Resources","https://example.sharepoint.com/sites/hr","Team site","Devon Dlamini","devon.dlamini@example.com","No","Public","","137","3","0","3","1139","21","9","7","0","0"
"2026-09-01","SharePoint","00000002-0001-0001-0102-030405060708","2026-08-30T18:00:00Z","5adb21ec-c4c3-47cd-316c-33e4de8aec22","Legal","https://example.sharepoint.com/sites/legal","Communication site","Emery Ibarra","emery.ibarra@example.com","No","","Confidential","174","0","0","4","1452","28","12","3","1","0"
"2026-09-01","SharePoint","00000002-0001-0001-0102-030405060708","2026-08-30T18:00:00Z","4bdc2bcc-2846-8435-974e-e4939e92f666","Marketing","https://example.sharepoint.com/sites/marketing","Team site","Finley Jovanovic","finley.jovanovic@example.com","No","Public","","211","1","0","0","1765","35","15","8","2","0"
"2026-09-01","SharePoint","00000002-0001-0001-0102-030405060708","2026-08-30T18:00:00Z","a437235a-4cd1-4f34-7ffd-c071ee86a72a","Engineering","https://example.sharepoint.com/sites/engineering","Team site","Gray Kowalski","gray.kowalski@example.com","No","Private","","248","2","0","1","2078","2","18","4","0","0"
"2026-09-01","SharePoint","00000002-0001-0001-0102-030405060708","2026-08-30T18:00:00Z","3141acb3-8112-89ae-ab8c-8f7f50e4a9fb","Partner Portal","https://example.sharepoint.com/sites/partners","Communication site","Harper Lindqvist","harper.lindqvist@example.com","Yes","","","285","3","0","2","2391","9","21","9","4","1"
"2026-09-01","OneDriveForBusiness","00000002-0001-0002-0102-030405060708","2026-08-30T18:00:00Z","aed9aa76-bd85-c71d-b71d-b4513aa95f24","Avery Abara","https://example-my.sharepoint.com/personal/avery_abara_example_com","Other sites","Avery Abara","avery.abara@example.com","No","","","3","0","0","3","2704","16","24","5","2","0"
"2026-09-01","OneDriveForBusiness","00000002-0001-0002-0102-030405060708","2026-08-30T18:00:00Z","be4dea6a-ce59-c6e5-f076-c38bedb5ea6c","Blair Bergstrom","https://example-my.sharepoint.com/personal/blair_bergstrom_example_com","Other sites","Blair Bergstrom","blair.bergstrom@example.com","No","","","1","1","0","4","3017","23","2","1","0","0"
"2026-09-01","OneDriveForBusiness","00000002-0001-0002-0102-030405060708","2026-08-30T18:00:00Z","fcf9d4ea-1d8c-8bf3-7273-df36b871575c","Casey Chaudhry","https://example-my.sharepoint.com/personal/casey_chaudhry_example_com","Other sites","Casey Chaudhry","casey.chaudhry@example.com","No","","","2","2","0","0","3330","30","5","6","1","0"
"2026-09-01","OneDriveForBusiness","00000002-0001-0002-0102-030405060708","2026-08-30T18:00:00Z","55233370-3438-f320-6600-50082ea03c30","Devon Dlamini","https://example-my.sharepoint.com/personal/devon_dlamini_example_com","Other sites","Devon Dlamini","devon.dlamini@example.com","No","","","3","3","0","1","3643","37","8","2","2","0"
"2026-10-01","SharePoint","00000003-0001-0001-0102-030405060708","2026-09-29T18:00:00Z","1f162616-c326-9445-855f-e11667c13c1f","Root Site","https://example.sharepoint.com","Communication site","Avery Abara","avery.abara@example.com","No","","","37","0","0","0","200","0","0","2","0","0"
"2026-10-01","SharePoint","00000003-0001-0001-0102-030405060708","2026-09-29T18:00:00Z","0872385b-4292-ada0-c856-9d20f7639193","All Company","https://example.sharepoint.com/sites/allcompany","Communication site","Blair Bergstrom","blair.bergstrom@example.com","No","","","4200","1","0","1","513","7","3","7","5","0"
"2026-10-01","SharePoint","00000003-0001-0001-0102-030405060708","2026-09-29T18:00:00Z","813e8943-c719-7719-94bc-f9484f2862f7","Finance","https://example.sharepoint.com/sites/finance","Team site","Casey Chaudhry","casey.chaudhry@example.com","No","Private","Confidential","111","2","0","2","826","14","6","3","2","0"
"2026-10-01","SharePoint","00000003-0001-0001-0102-030405060708","2026-09-29T18:00:00Z","7bf598e7-1e09-7c56-74f7-a489d2992314","Human Resources","https://example.sharepoint.com/sites/hr","Team site","Devon Dlamini","devon.dlamini@example.com","No","Public","","148","3","0","3","1139","21","9","8","0","0"
"2026-10-01","SharePoint","00000003-0001-0001-0102-030405060708","2026-09-29T18:00:00Z","5adb21ec-c4c3-47cd-316c-33e4de8aec22","Legal","https://example.sharepoint.com/sites/legal","Communication site","Emery Ibarra","emery.ibarra@example.com","No","","Confidential","185","0","0","4","1452","28","12","4","1","0"
"2026-10-01","SharePoint","00000003-0001-0001-0102-030405060708","2026-09-29T18:00:00Z","4bdc2bcc-2846-8435-974e-e4939e92f666","Marketing","https://example.sharepoint.com/sites/marketing","Team site","Finley Jovanovic","finley.jovanovic@example.com","No","Public","","222","1","0","0","1765","35","15","9","2","0"
"2026-10-01","SharePoint","00000003-0001-0001-0102-030405060708","2026-09-29T18:00:00Z","a437235a-4cd1-4f34-7ffd-c071ee86a72a","Engineering","https://example.sharepoint.com/sites/engineering","Team site","Gray Kowalski","gray.kowalski@example.com","No","Private","","259","2","0","1","2078","2","18","5","0","0"
"2026-10-01","SharePoint","00000003-0001-0001-0102-030405060708","2026-09-29T18:00:00Z","3141acb3-8112-89ae-ab8c-8f7f50e4a9fb","Partner Portal","https://example.sharepoint.com/sites/partners","Communication site","Harper Lindqvist","harper.lindqvist@example.com","Yes","","","296","3","0","2","2391","9","21","10","5","1"
"2026-10-01","OneDriveForBusiness","00000003-0001-0002-0102-030405060708","2026-09-29T18:00:00Z","aed9aa76-bd85-c71d-b71d-b4513aa95f24","Avery Abara","https://example-my.sharepoint.com/personal/avery_abara_example_com","Other sites","Avery Abara","avery.abara@example.com","No","","","3","0","0","3","2704","16","24","6","2","0"
"2026-10-01","OneDriveForBusiness","00000003-0001-0002-0102-030405060708","2026-09-29T18:00:00Z","be4dea6a-ce59-c6e5-f076-c38bedb5ea6c","Blair Bergstrom","https://example-my.sharepoint.com/personal/blair_bergstrom_example_com","Other sites","Blair Bergstrom","blair.bergstrom@example.com","No","","","1","1","0","4","3017","23","2","2","0","0"
"2026-10-01","OneDriveForBusiness","00000003-0001-0002-0102-030405060708","2026-09-29T18:00:00Z","fcf9d4ea-1d8c-8bf3-7273-df36b871575c","Casey Chaudhry","https://example-my.sharepoint.com/personal/casey_chaudhry_example_com","Other sites","Casey Chaudhry","casey.chaudhry@example.com","No","","","2","2","0","0","3330","30","5","7","1","0"
"2026-10-01","OneDriveForBusiness","00000003-0001-0002-0102-030405060708","2026-09-29T18:00:00Z","55233370-3438-f320-6600-50082ea03c30","Devon Dlamini","https://example-my.sharepoint.com/personal/devon_dlamini_example_com","Other sites","Devon Dlamini","devon.dlamini@example.com","No","","","3","3","0","1","3643","37","8","3","2","0"
