"Date","Workload","UserId","Operation","EventCount"
"2026-10-05","SharePoint","avery.abara@example.com","FileAccessed","120"
"2026-10-05","SharePoint","avery.abara@example.com","FileModified","35"
"2026-10-05","OneDrive","devon.diaz@example.com","FileSyncUploadedFull","18"
"2026-10-05","SharePoint","blake.bishop@example.com","PageViewed","6"
"2026-10-05","SharePoint","blake.bishop@example.com","SharingSet","1"
"2026-10-06","SharePoint","avery.abara@example.com","FileAccessed","120"
"2026-10-06","SharePoint","avery.abara@example.com","FileModified","35"
"2026-10-06","OneDrive","devon.diaz@example.com","FileSyncUploadedFull","18"
"2026-10-06","SharePoint","blake.bishop@example.com","PageViewed","6"
"2026-10-06","SharePoint","blake.bishop@example.com","SharingSet","1"
"2026-10-07","SharePoint","avery.abara@example.com","FileAccessed","120"
"2026-10-07","SharePoint","avery.abara@example.com","FileModified","35"
"2026-10-07","OneDrive","devon.diaz@example.com","FileSyncUploadedFull","18"
"2026-10-07","SharePoint","blake.bishop@example.com","PageViewed","6"
"2026-10-07","SharePoint","blake.bishop@example.com","SharingSet","1"
