"CreationTime","Id","Operation","UserId","Workload","ObjectId","TargetDisplayName","TargetGroupId"
"2026-03-18T00:00:00Z","1fb1fec4-7e86-bb39-3ffd-6f19d4571a9d","TeamCreated","devon.moreau@example.com","MicrosoftTeams","36df3fc8-f89f-592f-2770-4a7a63afb597","Trey Research Planning","36df3fc8-f89f-592f-2770-4a7a63afb597"
"2026-04-28T00:00:00Z","51f73425-f198-fb9e-e532-e24ce2879947","AddGroup","blair.quintero@example.com","AzureActiveDirectory","ac1aa915-300a-524f-7b53-a6078c726264","",""
"2026-05-14T00:00:00Z","97e46720-ab20-233b-bd5e-fde0e25ce7b0","AddGroup","casey.silva43@example.com","AzureActiveDirectory","64f8f606-f787-653d-eb91-c50cb24bcd75","",""
"2026-05-18T00:00:00Z","9b7f5c81-23e9-e4e4-ad3c-803283a1fd56","TeamCreated","jordan.quintero50@example.com","MicrosoftTeams","4bc5cd84-a69e-7639-89de-de1ee5db5724","Contoso Migration Team","4bc5cd84-a69e-7639-89de-de1ee5db5724"
"2026-05-26T00:00:00Z","0c441972-6976-c54a-4355-f529e944e674","AddGroup","emery.jovanovic25@example.com","AzureActiveDirectory","542c85e1-2122-9d77-6f70-a9f57c22d1e0","",""
"2026-07-15T00:00:00Z","b11476fe-b58c-6320-fdd1-6016be1d510d","AddGroup","tatum.ibarra@example.com","AzureActiveDirectory","129788e7-b3cb-9cbd-e1b6-ae388b1f879e","",""
"2026-07-16T00:00:00Z","35b9b336-27da-10a6-9137-687961cd5be1","AddGroup","indigo.nakamura@example.com","AzureActiveDirectory","161c217c-2835-94fb-c61e-c06dcaca4ece","",""
"2026-07-25T00:00:00Z","df742aa6-5cfc-fa6d-b7b3-024e536dec26","TeamCreated","logan.abara@example.com","MicrosoftTeams","c4aabd98-26d9-ef5f-3ab2-41a8704a5a28","Margie Travel Community","c4aabd98-26d9-ef5f-3ab2-41a8704a5a28"
"2026-07-31T00:00:00Z","7ee927a8-7ead-90c1-c4cb-b685faceabb2","AddGroup","indigo.nakamura@example.com","AzureActiveDirectory","08272b8b-9242-d86a-a2ae-f0324587cec8","",""
"2026-08-06T00:00:00Z","54d3f14b-ddfa-e045-a926-75cbd8e56695","TeamCreated","nico.kowalski54@example.com","MicrosoftTeams","606dfb01-c35c-121a-c6ca-58feb04ef8de","Lucerne Budget Working Group","606dfb01-c35c-121a-c6ca-58feb04ef8de"
"2026-08-07T00:00:00Z","34e1d3fa-954e-5a66-4329-439156b889a5","TeamCreated","finley.chaudhry46@example.com","MicrosoftTeams","9fd4d941-d53b-85cd-ea44-481466e6f887","Alpine Ski House Planning 2","9fd4d941-d53b-85cd-ea44-481466e6f887"
"2026-08-07T00:00:00Z","8b607045-feaa-d199-dc56-45fad319176c","AddGroup","parker.abara36@example.com","AzureActiveDirectory","c04981d2-5922-fd23-094c-36c538a6507d","",""
