"RunDate","ReportRefreshDate","ReportPeriod","GroupId","GroupDisplayName","IsDeleted","OwnerPrincipalName","LastActivityDate","GroupType","MemberCount","ExternalMemberCount","ExchangeReceivedEmailCount","SharePointActiveFileCount","YammerPostedMessageCount","YammerReadMessageCount","YammerLikedMessageCount","ExchangeMailboxTotalItemCount","ExchangeMailboxStorageUsedByte","SharePointTotalFileCount","SharePointSiteStorageUsedByte"
"2026-07-01","2026-06-28","180","41049210-bdfd-9150-66f6-a78adf8ffbd9","Northwind Rollout Project","False","avery.jovanovic@example.com","2026-01-16","Private","41","4","256","121","0","0","0","2740","18221306","1870","221602158"
"2026-07-01","2026-06-28","180","4bc5cd84-a69e-7639-89de-de1ee5db5724","Contoso Migration Team","False","blair.quintero@example.com","2026-05-18","Private","23","3","0","0","0","0","0","3282","74242259","273","636430536"
"2026-07-01","2026-06-28","180","f353ad2d-55be-544e-a7f5-78388b338bc4","Fabrikam Pricing Working Group","False","casey.dlamini@example.com","2026-02-02","Private","59","3","190","38","0","0","0","1145","23940669","529","717749822"
"2026-07-01","2026-06-28","180","6bc817dc-b3fa-b5a4-4867-f2b5b7d779d2","Adventure Works Launch Community","False","devon.moreau@example.com","2026-02-19","Public","25","4","0","0","0","0","0","631","88064685","91","263651390"
"2026-07-01","2026-06-28","180","b193a666-9250-d9e4-e631-7712d03c2a52","Tailspin Support Planning","False","emery.bergstrom@example.com","2026-01-04","Private","32","4","302","140","0","0","0","506","43511848","2279","166197819"
"2026-07-01","2026-06-28","180","7bd54611-4ab4-696d-16be-314b48b122d8","Litware Security Review","False","finley.kowalski@example.com","2026-04-23","Public","57","3","115","16","0","0","0","1467","9727488","2869","817072391"
"2026-07-01","2026-06-28","180","06a53ec0-a73d-ee39-bd35-dee8555fbe35","Proseware Hiring Project","False","gray.silva@example.com","2025-11-18","Private","43","4","0","0","0","0","0","726","19780021","473","525768852"
"2026-07-01","2026-06-28","180","88c74572-088a-117a-369d-203d908597d6","Wingtip Events Team","False","harper.ibarra@example.com","2025-09-26","Private","14","4","0","0","0","0","0","601","88377434","2915","880956625"
"2026-07-01","2026-06-28","180","36df3fc8-f89f-592f-2770-4a7a63afb597","Trey Research Planning","False","kai.lindqvist@example.com","2026-03-18","Public","8","0","0","0","0","0","0","643","48621292","2017","625301617"
"2026-07-01","2026-06-28","180","de07bda6-83ad-8456-595e-de16c4f56be4","Woodgrove Audit Review","False","","2025-09-16","Private","25","4","0","0","0","0","0","2635","76675020","565","414567606"
"2026-07-01","2026-06-28","180","e6f65ed0-72aa-5b96-6c4b-98442182d858","Alpine Ski House Project","False","marlowe.jovanovic@example.com","2025-12-19","Private","10","3","0","0","0","0","0","1211","69853790","2045","415829066"
"2026-07-01","2026-06-28","180","ba9f636c-b34a-6c47-4b17-ae1beca9e8c7","Humongous Insurance Team","False","nico.quintero@example.com","2026-02-05","Private","42","0","100","90","0","0","0","2489","56711938","2731","257527132"
"2026-07-01","2026-06-28","180","d3807e92-0ce9-964a-f3e7-0bbdbef29247","Coho Vineyard Working Group","False","oakley.dlamini@example.com","2025-08-05","Private","40","3","0","0","0","0","0","1691","26918877","759","535389696"
"2026-07-01","2026-06-28","180","95059680-702f-9a29-f5e6-cf1fd9e51ee7","Fourth Coffee Ops Community","False","parker.moreau@example.com","2026-02-26","Private","38","3","125","62","0","0","0","4249","85746874","1486","427672787"
"2026-07-01","2026-06-28","180","b62d5ea2-8056-bbe9-0ae9-f193fee9cd53","Northwind Rollout Planning 2","False","quinn.bergstrom@example.com","2025-09-25","Public","52","1","0","0","0","0","0","3182","22453806","2986","408821864"
"2026-07-01","2026-06-28","180","9fed24f2-ac18-0828-c63c-172aa64ff3a7","Contoso Migration Review 2","False","","2026-06-24","Public","52","2","163","69","0","0","0","957","17743370","1446","48083937"
"2026-07-01","2026-06-28","180","2ee6dc39-e746-1935-0dc9-2369003e7d70","Fabrikam Pricing Project 2","False","","2026-02-14","Private","20","0","10","50","0","0","0","3749","2993395","2575","49658881"
"2026-07-01","2026-06-28","180","c7d1cef5-aeec-26f6-eb64-bfc2a7b84807","Adventure Works Launch Team 2","False","tatum.ibarra@example.com","2025-07-06","Private","55","2","0","0","0","0","0","2675","74748405","2390","183540757"
"2026-07-01","2026-06-28","180","c0f472b8-11a5-3676-d9db-7152cf430e14","Tailspin Support Working Group 2","False","","2025-12-07","Private","46","4","0","0","0","0","0","551","18696447","1745","7769470"
"2026-07-01","2026-06-28","180","a7646521-8559-6934-1dca-e364f23c5bdd","Litware Security Community 2","False","blair.chaudhry22@example.com","2026-03-10","Public","36","0","135","85","0","0","0","758","50544566","454","411367014"
"2026-07-01","2026-06-28","180","d7704e89-3a75-09f3-798c-b4fc970d8f18","Proseware Hiring Planning 2","False","casey.lindqvist23@example.com","2026-02-27","Private","41","3","300","197","0","0","0","2707","458710","2191","441368442"
"2026-07-01","2026-06-28","180","dded8d10-b207-6036-129c-be020fdc1637","Wingtip Events Review 2","False","devon.abara24@example.com","2026-03-02","Private","7","1","0","0","0","0","0","252","82691564","138","90507168"
"2026-07-01","2026-06-28","180","f6af5751-4da5-ed4d-fa10-3e225778c082","Lucerne Budget Project 2","False","emery.jovanovic25@example.com","2026-02-15","Private","25","4","101","143","0","0","0","3036","43251707","2571","367426802"
"2026-07-01","2026-06-28","180","87f9f6ef-7930-c9e1-7b47-57a6bf353ee6","Margie Travel Team 2","False","finley.quintero26@example.com","2026-02-10","Public","46","2","327","116","0","0","0","2350","68659129","1644","38962114"
"2026-07-01","2026-06-28","180","b7e07f8c-5563-87b4-a272-b86be968b9fc","Trey Research Working Group 2","False","gray.dlamini27@example.com","2025-12-31","Private","26","3","0","0","0","0","0","707","47809237","1491","590392252"
"2026-07-01","2026-06-28","180","caf79430-b9b0-438b-130c-22d4364f6276","Woodgrove Audit Community 2","False","","2026-02-02","Public","42","4","139","65","0","0","0","235","51815383","2739","90899177"
"2026-07-01","2026-06-28","180","35e34f96-059a-e442-4d4f-afdeeeba222a","Humongous Insurance Review 2","False","jordan.kowalski30@example.com","2025-11-04","Private","56","4","0","0","0","0","0","3491","15691829","1769","654401266"
"2026-07-01","2026-06-28","180","cfc0d9c8-6a68-02ee-c823-5abccd4385bb","Coho Vineyard Project 2","False","","2026-04-16","Private","32","4","158","135","0","0","0","3007","12144877","2072","883100161"
"2026-07-01","2026-06-28","180","64f8f606-f787-653d-eb91-c50cb24bcd75","Fourth Coffee Ops Team 2","False","","2026-05-14","Public","45","1","375","150","0","0","0","1837","85156386","719","3133597"
"2026-07-01","2026-06-28","180","542c85e1-2122-9d77-6f70-a9f57c22d1e0","Northwind Rollout Working Group 3","False","marlowe.nakamura33@example.com","2026-05-26","Private","56","0","237","113","0","0","0","3091","35651536","2953","111160260"
"2026-07-01","2026-06-28","180","4e5d3616-820a-0f75-989f-092ded2471cc","Contoso Migration Community 3","False","nico.chaudhry34@example.com","2025-06-29","Public","38","1","0","0","0","0","0","4696","51554947","2593","825116616"
"2026-07-01","2026-06-28","180","9fd0d68e-8fc7-60fe-144c-e29b66c29a14","Adventure Works Launch Review 3","False","parker.abara36@example.com","2025-12-23","Private","52","3","0","0","0","0","0","2030","2573315","692","191716557"
"2026-07-01","2026-06-28","180","07243b7a-3008-8d39-ce43-458714044f55","Litware Security Team 3","False","reese.quintero38@example.com","2026-01-25","Public","5","2","0","0","0","0","0","849","66396085","2200","447036008"
"2026-07-01","2026-06-28","180","89a06496-c3f4-e9c3-2e2f-def9574524b8","Proseware Hiring Working Group 3","False","sage.dlamini39@example.com","2025-12-23","Public","59","2","0","0","0","0","0","3474","74472202","1926","569395260"
"2026-07-01","2026-06-28","180","243df109-01a2-4627-3985-5e6937a5c066","Wingtip Events Community 3","False","","2026-02-20","Private","57","1","0","0","0","0","0","6","62398862","1433","194868808"
"2026-07-01","2026-06-28","180","ac1aa915-300a-524f-7b53-a6078c726264","Lucerne Budget Planning 3","False","avery.bergstrom41@example.com","2026-06-10","Private","44","0","68","99","0","0","0","105","20312211","1474","301965657"
"2026-07-01","2026-06-28","180","1f9080aa-63a0-9a52-ed73-a656f4db940a","Margie Travel Review 3","False","blair.kowalski42@example.com","2025-08-02","Private","58","0","0","0","0","0","0","3673","41410388","1582","112895319"
"2026-07-01","2026-06-28","180","2fc30a09-4e18-1a03-eab3-2d42206b298a","Trey Research Project 3","False","casey.silva43@example.com","2026-01-03","Public","40","1","250","88","0","0","0","3256","60669061","733","670827448"
"2026-07-01","2026-06-28","180","b100e08e-9798-59ce-5ccb-a5ab0da075cc","Woodgrove Audit Team 3","False","devon.ibarra44@example.com","2026-04-04","Private","18","4","368","47","0","0","0","2024","30174453","2258","896847748"
"2026-07-01","2026-06-28","180","1378c003-6fd4-806b-688c-2afa2f7b29c3","Alpine Ski House Working Group 3","False","emery.nakamura45@example.com","2025-11-11","Public","21","1","0","0","0","0","0","4998","21522040","2137","243913897"
"2026-07-01","2026-06-28","180","deb07a3e-4c24-7209-075e-19be75d9f07c","Coho Vineyard Planning 3","False","","2025-11-02","Public","39","3","0","0","0","0","0","3600","64016439","2722","155291378"
"2026-07-01","2026-06-28","180","f64c73ab-0af0-df3b-bc8f-d2e799a80de6","Fourth Coffee Ops Review 3","False","harper.abara48@example.com","2026-06-04","Private","50","4","137","88","0","0","0","4255","69749660","1205","53153709"
"2026-08-01","2026-07-29","180","41049210-bdfd-9150-66f6-a78adf8ffbd9","Northwind Rollout Project","False","avery.jovanovic@example.com","2025-10-06","Private","44","1","0","0","0","0","0","2846","8823944","1286","575655903"
"2026-08-01","2026-07-29","180","4bc5cd84-a69e-7639-89de-de1ee5db5724","Contoso Migration Team","False","blair.quintero@example.com","2026-05-18","Private","32","0","125","22","0","0","0","4299","8473358","937","55747220"
"2026-08-01","2026-07-29","180","f353ad2d-55be-544e-a7f5-78388b338bc4","Fabrikam Pricing Working Group","False","casey.dlamini@example.com","2025-08-09","Private","12","1","0","0","0","0","0","1465","51738481","2888","877988353"
"2026-08-01","2026-07-29","180","6bc817dc-b3fa-b5a4-4867-f2b5b7d779d2","Adventure Works Launch Community","False","devon.moreau@example.com","2026-02-19","Public","20","0","0","0","0","0","0","1739","15248746","880","787420366"
"2026-08-01","2026-07-29","180","b193a666-9250-d9e4-e631-7712d03c2a52","Tailspin Support Planning","False","emery.bergstrom@example.com","2025-12-30","Private","54","2","0","0","0","0","0","1593","36090763","375","384297815"
"2026-08-01","2026-07-29","180","7bd54611-4ab4-696d-16be-314b48b122d8","Litware Security Review","False","finley.kowalski@example.com","2026-02-26","Public","36","4","182","112","0","0","0","1904","3631323","1344","560042631"
"2026-08-01","2026-07-29","180","06a53ec0-a73d-ee39-bd35-dee8555fbe35","Proseware Hiring Project","False","gray.silva@example.com","2026-02-05","Private","10","4","73","0","0","0","0","1750","48497894","2822","690370164"
"2026-08-01","2026-07-29","180","88c74572-088a-117a-369d-203d908597d6","Wingtip Events Team","False","harper.ibarra@example.com","2025-07-20","Private","39","2","0","0","0","0","0","4768","32329413","1808","420564579"
"2026-08-01","2026-07-29","180","c4aabd98-26d9-ef5f-3ab2-41a8704a5a28","Margie Travel Community","False","jordan.chaudhry@example.com","2026-07-25","Private","15","3","22","122","0","0","0","4605","69555685","2165","620607430"
"2026-08-01","2026-07-29","180","36df3fc8-f89f-592f-2770-4a7a63afb597","Trey Research Planning","False","kai.lindqvist@example.com","2026-03-18","Public","7","3","0","0","0","0","0","3388","9942512","2399","443337013"
"2026-08-01","2026-07-29","180","de07bda6-83ad-8456-595e-de16c4f56be4","Woodgrove Audit Review","False","","2026-05-04","Private","12","2","35","122","0","0","0","4088","64447795","1726","747771666"
"2026-08-01","2026-07-29","180","e6f65ed0-72aa-5b96-6c4b-98442182d858","Alpine Ski House Project","False","marlowe.jovanovic@example.com","2026-07-17","Private","54","1","233","83","0","0","0","2702","64446034","1672","99877553"
"2026-08-01","2026-07-29","180","ba9f636c-b34a-6c47-4b17-ae1beca9e8c7","Humongous Insurance Team","False","nico.quintero@example.com","2025-11-19","Private","9","4","0","0","0","0","0","1050","24247165","2009","678767466"
"2026-08-01","2026-07-29","180","d3807e92-0ce9-964a-f3e7-0bbdbef29247","Coho Vineyard Working Group","False","oakley.dlamini@example.com","2026-01-19","Private","33","4","0","0","0","0","0","2268","49584636","2551","135439991"
"2026-08-01","2026-07-29","180","95059680-702f-9a29-f5e6-cf1fd9e51ee7","Fourth Coffee Ops Community","False","parker.moreau@example.com","2026-03-26","Private","6","0","63","92","0","0","0","336","4441971","1732","48041457"
"2026-08-01","2026-07-29","180","b62d5ea2-8056-bbe9-0ae9-f193fee9cd53","Northwind Rollout Planning 2","False","quinn.bergstrom@example.com","2025-09-16","Public","28","2","0","0","0","0","0","3458","36750135","2591","303634568"
"2026-08-01","2026-07-29","180","9fed24f2-ac18-0828-c63c-172aa64ff3a7","Contoso Migration Review 2","False","","2025-07-23","Public","35","1","0","0","0","0","0","1979","80908124","1777","669818758"
"2026-08-01","2026-07-29","180","2ee6dc39-e746-1935-0dc9-2369003e7d70","Fabrikam Pricing Project 2","False","","2025-12-27","Private","50","3","0","0","0","0","0","2037","63955706","258","373552151"
"2026-08-01","2026-07-29","180","c7d1cef5-aeec-26f6-eb64-bfc2a7b84807","Adventure Works Launch Team 2","False","tatum.ibarra@example.com","2025-10-01","Private","54","2","0","0","0","0","0","4867","71733121","1056","555319090"
"2026-08-01","2026-07-29","180","c0f472b8-11a5-3676-d9db-7152cf430e14","Tailspin Support Working Group 2","False","","2025-07-31","Private","45","0","0","0","0","0","0","4780","60589397","1917","892994896"
"2026-08-01","2026-07-29","180","a7646521-8559-6934-1dca-e364f23c5bdd","Litware Security Community 2","False","blair.chaudhry22@example.com","2026-01-22","Public","42","1","0","0","0","0","0","4359","29079448","1516","32085530"
"2026-08-01","2026-07-29","180","d7704e89-3a75-09f3-798c-b4fc970d8f18","Proseware Hiring Planning 2","False","casey.lindqvist23@example.com","2025-10-07","Private","21","3","0","0","0","0","0","2160","24894459","1939","54765763"
"2026-08-01","2026-07-29","180","dded8d10-b207-6036-129c-be020fdc1637","Wingtip Events Review 2","False","devon.abara24@example.com","2026-04-17","Private","22","0","398","83","0","0","0","3919","88894509","2198","50525777"
"2026-08-01","2026-07-29","180","f6af5751-4da5-ed4d-fa10-3e225778c082","Lucerne Budget Project 2","False","emery.jovanovic25@example.com","2026-02-06","Private","54","4","0","0","0","0","0","255","34384147","1647","521945595"
"2026-08-01","2026-07-29","180","87f9f6ef-7930-c9e1-7b47-57a6bf353ee6","Margie Travel Team 2","False","finley.quintero26@example.com","2026-03-30","Public","18","1","31","143","0","0","0","3196","35498219","2444","64467671"
"2026-08-01","2026-07-29","180","b7e07f8c-5563-87b4-a272-b86be968b9fc","Trey Research Working Group 2","False","gray.dlamini27@example.com","2025-12-31","Private","33","2","0","0","0","0","0","2587","6104709","1365","509807974"
"2026-08-01","2026-07-29","180","caf79430-b9b0-438b-130c-22d4364f6276","Woodgrove Audit Community 2","False","","2026-06-14","Public","53","4","264","17","0","0","0","646","24058739","2579","449011527"
"2026-08-01","2026-07-29","180","35e34f96-059a-e442-4d4f-afdeeeba222a","Humongous Insurance Review 2","False","jordan.kowalski30@example.com","2026-05-20","Private","10","4","298","120","0","0","0","4941","62736460","2617","105537827"
"2026-08-01","2026-07-29","180","cfc0d9c8-6a68-02ee-c823-5abccd4385bb","Coho Vineyard Project 2","False","","2026-01-14","Private","25","3","0","0","0","0","0","4691","5980689","2042","28761066"
"2026-08-01","2026-07-29","180","64f8f606-f787-653d-eb91-c50cb24bcd75","Fourth Coffee Ops Team 2","False","","2026-07-13","Public","47","2","184","50","0","0","0","1039","86065973","1149","740358515"
"2026-08-01","2026-07-29","180","542c85e1-2122-9d77-6f70-a9f57c22d1e0","Northwind Rollout Working Group 3","False","marlowe.nakamura33@example.com","2026-07-07","Private","7","3","297","174","0","0","0","2751","34091873","2966","70480381"
"2026-08-01","2026-07-29","180","4e5d3616-820a-0f75-989f-092ded2471cc","Contoso Migration Community 3","False","nico.chaudhry34@example.com","2026-02-19","Public","15","4","67","11","0","0","0","502","38909360","1184","668368109"
"2026-08-01","2026-07-29","180","161c217c-2835-94fb-c61e-c06dcaca4ece","Fabrikam Pricing Planning 3","False","oakley.lindqvist35@example.com","2026-07-16","Private","47","2","0","0","0","0","0","3592","45054965","2390","564879929"
"2026-08-01","2026-07-29","180","9fd0d68e-8fc7-60fe-144c-e29b66c29a14","Adventure Works Launch Review 3","False","parker.abara36@example.com","2026-04-04","Private","50","2","179","25","0","0","0","653","17449595","1731","831517665"
"2026-08-01","2026-07-29","180","07243b7a-3008-8d39-ce43-458714044f55","Litware Security Team 3","False","reese.quintero38@example.com","2026-01-25","Public","54","4","0","0","0","0","0","643","21827351","1064","21800554"
"2026-08-01","2026-07-29","180","89a06496-c3f4-e9c3-2e2f-def9574524b8","Proseware Hiring Working Group 3","False","sage.dlamini39@example.com","2025-11-13","Public","51","3","0","0","0","0","0","2201","9358474","2634","653664159"
"2026-08-01","2026-07-29","180","243df109-01a2-4627-3985-5e6937a5c066","Wingtip Events Community 3","False","","2026-03-13","Private","3","4","186","72","0","0","0","3014","23955740","1037","529329881"
"2026-08-01","2026-07-29","180","ac1aa915-300a-524f-7b53-a6078c726264","Lucerne Budget Planning 3","False","avery.bergstrom41@example.com","2026-04-28","Private","8","2","0","0","0","0","0","3544","80987832","1623","855516158"
"2026-08-01","2026-07-29","180","1f9080aa-63a0-9a52-ed73-a656f4db940a","Margie Travel Review 3","False","blair.kowalski42@example.com","2026-04-12","Private","4","1","98","103","0","0","0","1003","43857168","798","450094596"
"2026-08-01","2026-07-29","180","2fc30a09-4e18-1a03-eab3-2d42206b298a","Trey Research Project 3","False","casey.silva43@example.com","2026-04-28","Public","45","4","343","168","0","0","0","1782","47129518","1261","103643293"
"2026-08-01","2026-07-29","180","b100e08e-9798-59ce-5ccb-a5ab0da075cc","Woodgrove Audit Team 3","False","devon.ibarra44@example.com","2026-06-13","Private","26","1","266","166","0","0","0","4872","59196026","583","280334249"
"2026-08-01","2026-07-29","180","1378c003-6fd4-806b-688c-2afa2f7b29c3","Alpine Ski House Working Group 3","False","emery.nakamura45@example.com","2025-07-02","Public","2","3","0","0","0","0","0","3229","11192223","636","818447370"
"2026-08-01","2026-07-29","180","129788e7-b3cb-9cbd-e1b6-ae388b1f879e","Humongous Insurance Community 3","False","finley.chaudhry46@example.com","2026-07-15","Public","24","3","252","42","0","0","0","768","48722780","1767","868678455"
"2026-08-01","2026-07-29","180","deb07a3e-4c24-7209-075e-19be75d9f07c","Coho Vineyard Planning 3","False","","2026-06-13","Public","51","2","194","148","0","0","0","2993","53335062","465","534322862"
"2026-08-01","2026-07-29","180","f64c73ab-0af0-df3b-bc8f-d2e799a80de6","Fourth Coffee Ops Review 3","False","harper.abara48@example.com","2025-10-19","Private","9","3","0","0","0","0","0","3067","19380314","1128","529296031"
"2026-09-01","2026-08-29","180","41049210-bdfd-9150-66f6-a78adf8ffbd9","Northwind Rollout Project","False","avery.jovanovic@example.com","2026-04-26","Private","47","4","388","175","0","0","0","3415","63026043","2123","114976702"
"2026-09-01","2026-08-29","180","4bc5cd84-a69e-7639-89de-de1ee5db5724","Contoso Migration Team","False","blair.quintero@example.com","2026-06-16","Private","23","0","355","52","0","0","0","219","30209183","395","477474275"
"2026-09-01","2026-08-29","180","f353ad2d-55be-544e-a7f5-78388b338bc4","Fabrikam Pricing Working Group","False","casey.dlamini@example.com","2026-06-08","Private","31","1","157","122","0","0","0","1610","9592971","2501","289921006"
"2026-09-01","2026-08-29","180","6bc817dc-b3fa-b5a4-4867-f2b5b7d779d2","Adventure Works Launch Community","False","devon.moreau@example.com","2026-02-19","Public","43","3","0","0","0","0","0","3923","35395311","2231","14340946"
"2026-09-01","2026-08-29","180","b193a666-9250-d9e4-e631-7712d03c2a52","Tailspin Support Planning","False","emery.bergstrom@example.com","2025-12-30","Private","34","0","0","0","0","0","0","4563","29043010","507","260508574"
"2026-09-01","2026-08-29","180","7bd54611-4ab4-696d-16be-314b48b122d8","Litware Security Review","False","finley.kowalski@example.com","2025-12-22","Public","23","2","0","0","0","0","0","4225","21241237","2552","603639782"
"2026-09-01","2026-08-29","180","06a53ec0-a73d-ee39-bd35-dee8555fbe35","Proseware Hiring Project","False","gray.silva@example.com","2026-07-12","Private","51","2","249","134","0","0","0","489","36992411","1943","310223118"
"2026-09-01","2026-08-29","180","88c74572-088a-117a-369d-203d908597d6","Wingtip Events Team","False","harper.ibarra@example.com","2026-04-22","Private","51","0","105","18","0","0","0","3705","68785657","2689","761043494"
"2026-09-01","2026-08-29","180","606dfb01-c35c-121a-c6ca-58feb04ef8de","Lucerne Budget Working Group","False","indigo.nakamura@example.com","2026-08-06","Private","57","1","0","0","0","0","0","3569","81372170","505","468427710"
"2026-09-01","2026-08-29","180","c4aabd98-26d9-ef5f-3ab2-41a8704a5a28","Margie Travel Community","False","jordan.chaudhry@example.com","2026-07-25","Private","36","2","0","0","0","0","0","1702","71363014","1740","746819391"
"2026-09-01","2026-08-29","180","36df3fc8-f89f-592f-2770-4a7a63afb597","Trey Research Planning","False","kai.lindqvist@example.com","2026-03-18","Public","38","4","0","0","0","0","0","970","64316364","1014","651837024"
"2026-09-01","2026-08-29","180","de07bda6-83ad-8456-595e-de16c4f56be4","Woodgrove Audit Review","False","","2025-11-11","Private","56","1","0","0","0","0","0","2572","72195200","1757","128380704"
"2026-09-01","2026-08-29","180","e6f65ed0-72aa-5b96-6c4b-98442182d858","Alpine Ski House Project","False","marlowe.jovanovic@example.com","2026-04-12","Private","46","2","204","182","0","0","0","4272","27964589","1740","114667179"
"2026-09-01","2026-08-29","180","ba9f636c-b34a-6c47-4b17-ae1beca9e8c7","Humongous Insurance Team","False","nico.quintero@example.com","2026-04-04","Private","55","0","175","92","0","0","0","3667","53194593","415","177929330"
"2026-09-01","2026-08-29","180","d3807e92-0ce9-964a-f3e7-0bbdbef29247","Coho Vineyard Working Group","False","oakley.dlamini@example.com","2025-08-08","Private","30","2","0","0","0","0","0","1895","86711158","2077","16549900"
"2026-09-01","2026-08-29","180","95059680-702f-9a29-f5e6-cf1fd9e51ee7","Fourth Coffee Ops Community","False","parker.moreau@example.com","2026-08-24","Private","40","3","71","60","0","0","0","538","38228788","1726","30639790"
"2026-09-01","2026-08-29","180","b62d5ea2-8056-bbe9-0ae9-f193fee9cd53","Northwind Rollout Planning 2","False","quinn.bergstrom@example.com","2026-08-12","Public","20","4","295","126","0","0","0","3578","50764707","1386","387246831"
"2026-09-01","2026-08-29","180","9fed24f2-ac18-0828-c63c-172aa64ff3a7","Contoso Migration Review 2","False","","2025-09-19","Public","17","4","0","0","0","0","0","671","27534186","1793","652291611"
"2026-09-01","2026-08-29","180","2ee6dc39-e746-1935-0dc9-2369003e7d70","Fabrikam Pricing Project 2","False","","2026-06-18","Private","41","0","207","143","0","0","0","382","67661514","2090","890758385"
"2026-09-01","2026-08-29","180","c7d1cef5-aeec-26f6-eb64-bfc2a7b84807","Adventure Works Launch Team 2","False","tatum.ibarra@example.com","2026-01-27","Private","57","0","0","0","0","0","0","826","42392000","1590","1406860"
"2026-09-01","2026-08-29","180","c0f472b8-11a5-3676-d9db-7152cf430e14","Tailspin Support Working Group 2","False","","2026-04-29","Private","26","3","289","31","0","0","0","3559","16490632","1329","115041783"
"2026-09-01","2026-08-29","180","a7646521-8559-6934-1dca-e364f23c5bdd","Litware Security Community 2","False","blair.chaudhry22@example.com","2026-01-27","Public","37","3","0","0","0","0","0","904","54270836","2380","892459096"
"2026-09-01","2026-08-29","180","d7704e89-3a75-09f3-798c-b4fc970d8f18","Proseware Hiring Planning 2","False","casey.lindqvist23@example.com","2026-05-28","Private","5","1","39","138","0","0","0","471","11268074","2708","737200802"
"2026-09-01","2026-08-29","180","dded8d10-b207-6036-129c-be020fdc1637","Wingtip Events Review 2","False","devon.abara24@example.com","2026-03-02","Private","3","2","0","0","0","0","0","2291","47867107","2597","214530746"
"2026-09-01","2026-08-29","180","f6af5751-4da5-ed4d-fa10-3e225778c082","Lucerne Budget Project 2","False","emery.jovanovic25@example.com","2026-02-06","Private","27","3","0","0","0","0","0","2866","14394058","1522","524482458"
"2026-09-01","2026-08-29","180","87f9f6ef-7930-c9e1-7b47-57a6bf353ee6","Margie Travel Team 2","False","finley.quintero26@example.com","2026-06-12","Public","31","0","280","194","0","0","0","930","72813101","1533","421750255"
"2026-09-01","2026-08-29","180","b7e07f8c-5563-87b4-a272-b86be968b9fc","Trey Research Working Group 2","False","gray.dlamini27@example.com","2025-12-31","Private","44","1","0","0","0","0","0","2117","49418284","1889","769786565"
"2026-09-01","2026-08-29","180","caf79430-b9b0-438b-130c-22d4364f6276","Woodgrove Audit Community 2","False","","2026-03-26","Public","34","4","4","116","0","0","0","1610","29660620","2766","226464208"
"2026-09-01","2026-08-29","180","9fd4d941-d53b-85cd-ea44-481466e6f887","Alpine Ski House Planning 2","False","indigo.bergstrom29@example.com","2026-08-07","Private","39","0","0","0","0","0","0","3361","40410648","2341","366878331"
"2026-09-01","2026-08-29","180","35e34f96-059a-e442-4d4f-afdeeeba222a","Humongous Insurance Review 2","False","jordan.kowalski30@example.com","2026-02-21","Private","15","4","0","0","0","0","0","414","75082392","1035","657742586"
"2026-09-01","2026-08-29","180","cfc0d9c8-6a68-02ee-c823-5abccd4385bb","Coho Vineyard Project 2","False","","2026-09-01","Private","9","3","115","16","0","0","0","4102","16691848","906","310669081"
"2026-09-01","2026-08-29","180","64f8f606-f787-653d-eb91-c50cb24bcd75","Fourth Coffee Ops Team 2","False","","2026-05-14","Public","12","0","0","0","0","0","0","4484","8456805","1881","340467887"
"2026-09-01","2026-08-29","180","542c85e1-2122-9d77-6f70-a9f57c22d1e0","Northwind Rollout Working Group 3","False","marlowe.nakamura33@example.com","2026-05-26","Private","55","4","115","29","0","0","0","4196","42436287","467","250486261"
"2026-09-01","2026-08-29","180","4e5d3616-820a-0f75-989f-092ded2471cc","Contoso Migration Community 3","False","nico.chaudhry34@example.com","2025-12-26","Public","58","1","0","0","0","0","0","4673","52538484","2684","158580060"
"2026-09-01","2026-08-29","180","161c217c-2835-94fb-c61e-c06dcaca4ece","Fabrikam Pricing Planning 3","False","oakley.lindqvist35@example.com","2026-07-16","Private","36","1","314","97","0","0","0","865","35808156","2831","416978270"
"2026-09-01","2026-08-29","180","9fd0d68e-8fc7-60fe-144c-e29b66c29a14","Adventure Works Launch Review 3","False","parker.abara36@example.com","2025-12-23","Private","20","3","0","0","0","0","0","3024","23775325","1752","834758866"
"2026-09-01","2026-08-29","180","c04981d2-5922-fd23-094c-36c538a6507d","Tailspin Support Project 3","False","quinn.jovanovic37@example.com","2026-08-07","Private","51","2","0","0","0","0","0","816","82030497","165","525806683"
"2026-09-01","2026-08-29","180","07243b7a-3008-8d39-ce43-458714044f55","Litware Security Team 3","False","reese.quintero38@example.com","2026-06-28","Public","40","3","3","91","0","0","0","4268","87034819","1102","685284238"
"2026-09-01","2026-08-29","180","89a06496-c3f4-e9c3-2e2f-def9574524b8","Proseware Hiring Working Group 3","False","sage.dlamini39@example.com","2025-11-13","Public","59","4","0","0","0","0","0","1527","69005810","2520","801493601"
"2026-09-01","2026-08-29","180","243df109-01a2-4627-3985-5e6937a5c066","Wingtip Events Community 3","False","","2026-06-05","Private","32","4","330","82","0","0","0","2560","72056135","1652","12733009"
"2026-09-01","2026-08-29","180","ac1aa915-300a-524f-7b53-a6078c726264","Lucerne Budget Planning 3","False","avery.bergstrom41@example.com","2026-08-16","Private","4","3","32","199","0","0","0","3657","23827508","545","6335619"
"2026-09-01","2026-08-29","180","1f9080aa-63a0-9a52-ed73-a656f4db940a","Margie Travel Review 3","False","blair.kowalski42@example.com","2026-06-28","Private","9","4","65","188","0","0","0","450","44663007","1107","509066571"
"2026-09-01","2026-08-29","180","2fc30a09-4e18-1a03-eab3-2d42206b298a","Trey Research Project 3","False","casey.silva43@example.com","2025-10-21","Public","37","1","0","0","0","0","0","1392","14470076","1920","866408409"
"2026-09-01","2026-08-29","180","b100e08e-9798-59ce-5ccb-a5ab0da075cc","Woodgrove Audit Team 3","False","devon.ibarra44@example.com","2026-04-08","Private","39","4","91","34","0","0","0","3254","77673556","170","896220914"
"2026-09-01","2026-08-29","180","1378c003-6fd4-806b-688c-2afa2f7b29c3","Alpine Ski House Working Group 3","False","emery.nakamura45@example.com","2026-03-19","Public","49","1","114","153","0","0","0","759","66106380","2174","268683846"
"2026-09-01","2026-08-29","180","129788e7-b3cb-9cbd-e1b6-ae388b1f879e","Humongous Insurance Community 3","False","finley.chaudhry46@example.com","2026-07-15","Public","43","0","0","0","0","0","0","288","52173241","2666","297321847"
"2026-09-01","2026-08-29","180","deb07a3e-4c24-7209-075e-19be75d9f07c","Coho Vineyard Planning 3","False","","2026-08-16","Public","56","0","378","131","0","0","0","3809","79081011","294","107004029"
"2026-09-01","2026-08-29","180","f64c73ab-0af0-df3b-bc8f-d2e799a80de6","Fourth Coffee Ops Review 3","False","harper.abara48@example.com","2025-12-24","Private","7","1","0","0","0","0","0","4766","74956337","1539","234164198"
