"RunDate","GroupId","OwnerListStatus","OwnerId","OwnerType","OwnerDisplayName","OwnerUserPrincipalName"
"2026-07-01","41049210-bdfd-9150-66f6-a78adf8ffbd9","Listed","f0309939-1fa0-91d0-84ec-6aff4e305b60","user","Avery Jovanovic","avery.jovanovic@example.com"
"2026-07-01","4bc5cd84-a69e-7639-89de-de1ee5db5724","Listed","19f03877-3d2f-e26f-01e5-33751b67e6dc","user","Blair Quintero","blair.quintero@example.com"
"2026-07-01","4bc5cd84-a69e-7639-89de-de1ee5db5724","Listed","406348e0-90da-8e65-e75f-600063417668","user","Indigo Nakamura","indigo.nakamura@example.com"
"2026-07-01","4bc5cd84-a69e-7639-89de-de1ee5db5724","Listed","d223638b-e9db-4d7d-19b5-f92186cf91fd","user","Parker Moreau","parker.moreau@example.com"
"2026-07-01","f353ad2d-55be-544e-a7f5-78388b338bc4","Listed","d3ec237f-b375-e68c-7251-7a091e9dfb01","user","Casey Dlamini","casey.dlamini@example.com"
"2026-07-01","6bc817dc-b3fa-b5a4-4867-f2b5b7d779d2","Listed","f2691f0e-bd80-eb1d-5d0f-d00219729d88","user","Devon Moreau","devon.moreau@example.com"
"2026-07-01","6bc817dc-b3fa-b5a4-4867-f2b5b7d779d2","Listed","5c6804f0-57d3-d228-f9e5-fc4bb970953e","user","Kai Lindqvist","kai.lindqvist@example.com"
"2026-07-01","6bc817dc-b3fa-b5a4-4867-f2b5b7d779d2","Listed","17a19190-72c2-3a14-af15-9a4db8c3d008","user","Reese Kowalski","reese.kowalski@example.com"
"2026-07-01","b193a666-9250-d9e4-e631-7712d03c2a52","Listed","3cc3a371-488c-1eca-68f8-c695791af3e1","user","Emery Bergstrom","emery.bergstrom@example.com"
"2026-07-01","b193a666-9250-d9e4-e631-7712d03c2a52","Listed","955a5c10-e6c4-71f7-9fb7-357269bbf6a0","user","Logan Abara","logan.abara@example.com"
"2026-07-01","7bd54611-4ab4-696d-16be-314b48b122d8","Listed","2fa28c69-89b6-7c56-1570-37086b96bc14","user","Finley Kowalski","finley.kowalski@example.com"
"2026-07-01","06a53ec0-a73d-ee39-bd35-dee8555fbe35","Unknown","","","",""
"2026-07-01","88c74572-088a-117a-369d-203d908597d6","Listed","39ed4244-0fe6-5a32-e660-8c30d8658b21","user","Harper Ibarra","harper.ibarra@example.com"
"2026-07-01","36df3fc8-f89f-592f-2770-4a7a63afb597","Listed","5c6804f0-57d3-d228-f9e5-fc4bb970953e","user","Kai Lindqvist","kai.lindqvist@example.com"
"2026-07-01","36df3fc8-f89f-592f-2770-4a7a63afb597","Listed","17a19190-72c2-3a14-af15-9a4db8c3d008","user","Reese Kowalski","reese.kowalski@example.com"
"2026-07-01","36df3fc8-f89f-592f-2770-4a7a63afb597","Listed","87208ff4-4fc4-3a60-440f-d751fc958657","user","Emery Jovanovic","emery.jovanovic25@example.com"
"2026-07-01","de07bda6-83ad-8456-595e-de16c4f56be4","None","","","",""
"2026-07-01","e6f65ed0-72aa-5b96-6c4b-98442182d858","Listed","933488e4-1a5b-96d4-f74e-3a7e9aebb1fe","user","Marlowe Jovanovic","marlowe.jovanovic@example.com"
"2026-07-01","e6f65ed0-72aa-5b96-6c4b-98442182d858","Listed","2779d479-57fe-160c-fc06-9b0340152f0b","user","Tatum Ibarra","tatum.ibarra@example.com"
"2026-07-01","e6f65ed0-72aa-5b96-6c4b-98442182d858","Listed","7fe7c3db-dcfb-faaf-90f1-23ee3f4472df","user","Gray Dlamini","gray.dlamini27@example.com"
"2026-07-01","ba9f636c-b34a-6c47-4b17-ae1beca9e8c7","Listed","81405a7b-6265-71b8-9d87-7c415419f8ca","user","Nico Quintero","nico.quintero@example.com"
"2026-07-01","ba9f636c-b34a-6c47-4b17-ae1beca9e8c7","Listed","5deb2925-9882-0beb-a201-e7efbc1d56c8","user","Avery Nakamura","avery.nakamura21@example.com"
"2026-07-01","ba9f636c-b34a-6c47-4b17-ae1beca9e8c7","Listed","4cba966e-2ed6-f7c8-c9ec-3a3d85eaa07b","user","Harper Moreau","harper.moreau28@example.com"
"2026-07-01","d3807e92-0ce9-964a-f3e7-0bbdbef29247","Listed","3f017c63-2dc0-a9ef-3621-1d49c06b2308","user","Oakley Dlamini","oakley.dlamini@example.com"
"2026-07-01","d3807e92-0ce9-964a-f3e7-0bbdbef29247","Listed","797a5c70-8f5a-8e47-8e84-c8827d2153ca","user","Blair Chaudhry","blair.chaudhry22@example.com"
"2026-07-01","d3807e92-0ce9-964a-f3e7-0bbdbef29247","Listed","28c4f3e1-daae-bf43-7298-292ce4f6f9df","user","Indigo Bergstrom","indigo.bergstrom29@example.com"
"2026-07-01","95059680-702f-9a29-f5e6-cf1fd9e51ee7","Listed","d223638b-e9db-4d7d-19b5-f92186cf91fd","user","Parker Moreau","parker.moreau@example.com"
"2026-07-01","95059680-702f-9a29-f5e6-cf1fd9e51ee7","Listed","e0521b1c-f33b-0bb5-2e0d-497eac7786e8","user","Casey Lindqvist","casey.lindqvist23@example.com"
"2026-07-01","b62d5ea2-8056-bbe9-0ae9-f193fee9cd53","Listed","129a3bec-bb91-972b-5453-c6101d4bf4da","user","Quinn Bergstrom","quinn.bergstrom@example.com"
"2026-07-01","b62d5ea2-8056-bbe9-0ae9-f193fee9cd53","Listed","5ccfab4b-f416-670a-421f-83c69bf2a813","user","Devon Abara","devon.abara24@example.com"
"2026-07-01","9fed24f2-ac18-0828-c63c-172aa64ff3a7","None","","","",""
"2026-07-01","2ee6dc39-e746-1935-0dc9-2369003e7d70","Unknown","","","",""
"2026-07-01","c7d1cef5-aeec-26f6-eb64-bfc2a7b84807","Listed","2779d479-57fe-160c-fc06-9b0340152f0b","user","Tatum Ibarra","tatum.ibarra@example.com"
"2026-07-01","c7d1cef5-aeec-26f6-eb64-bfc2a7b84807","Listed","7fe7c3db-dcfb-faaf-90f1-23ee3f4472df","user","Gray Dlamini","gray.dlamini27@example.com"
"2026-07-01","c7d1cef5-aeec-26f6-eb64-bfc2a7b84807","Listed","fb2f666f-17c6-81c2-e46a-37da4af6ece8","user","Nico Chaudhry","nico.chaudhry34@example.com"
"2026-07-01","c0f472b8-11a5-3676-d9db-7152cf430e14","None","","","",""
"2026-07-01","a7646521-8559-6934-1dca-e364f23c5bdd","Listed","797a5c70-8f5a-8e47-8e84-c8827d2153ca","user","Blair Chaudhry","blair.chaudhry22@example.com"
"2026-07-01","a7646521-8559-6934-1dca-e364f23c5bdd","Listed","28c4f3e1-daae-bf43-7298-292ce4f6f9df","user","Indigo Bergstrom","indigo.bergstrom29@example.com"
"2026-07-01","a7646521-8559-6934-1dca-e364f23c5bdd","Listed","70aa7a2e-7c13-caa4-3ee0-3217d80a3ddf","user","Parker Abara","parker.abara36@example.com"
"2026-07-01","d7704e89-3a75-09f3-798c-b4fc970d8f18","Listed","e0521b1c-f33b-0bb5-2e0d-497eac7786e8","user","Casey Lindqvist","casey.lindqvist23@example.com"
"2026-07-01","d7704e89-3a75-09f3-798c-b4fc970d8f18","Listed","b9ed8f50-03b7-c212-c052-6b394dc4c7b7","user","Jordan Kowalski","jordan.kowalski30@example.com"
"2026-07-01","d7704e89-3a75-09f3-798c-b4fc970d8f18","Listed","8fdabbac-29ca-3334-3ba3-9fad9527199a","user","Quinn Jovanovic","quinn.jovanovic37@example.com"
"2026-07-01","dded8d10-b207-6036-129c-be020fdc1637","Listed","5ccfab4b-f416-670a-421f-83c69bf2a813","user","Devon Abara","devon.abara24@example.com"
"2026-07-01","dded8d10-b207-6036-129c-be020fdc1637","Listed","e0e74527-1608-2fbb-ce9c-084344a54643","user","Kai Silva","kai.silva31@example.com"
"2026-07-01","f6af5751-4da5-ed4d-fa10-3e225778c082","Listed","87208ff4-4fc4-3a60-440f-d751fc958657","user","Emery Jovanovic","emery.jovanovic25@example.com"
"2026-07-01","f6af5751-4da5-ed4d-fa10-3e225778c082","Listed","c03c27ce-eb16-f119-5439-4b64642df84d","user","Logan Ibarra","logan.ibarra32@example.com"
"2026-07-01","f6af5751-4da5-ed4d-fa10-3e225778c082","Listed","81af9e77-e03b-0041-2b91-4a0afe3d50ea","user","Sage Dlamini","sage.dlamini39@example.com"
"2026-07-01","87f9f6ef-7930-c9e1-7b47-57a6bf353ee6","Listed","5e05c073-d4d5-95b0-8768-7157d599cb12","user","Finley Quintero","finley.quintero26@example.com"
"2026-07-01","87f9f6ef-7930-c9e1-7b47-57a6bf353ee6","Listed","d6877075-88fe-7634-ba7c-0ec5f20a99da","user","Marlowe Nakamura","marlowe.nakamura33@example.com"
"2026-07-01","b7e07f8c-5563-87b4-a272-b86be968b9fc","Listed","7fe7c3db-dcfb-faaf-90f1-23ee3f4472df","user","Gray Dlamini","gray.dlamini27@example.com"
"2026-07-01","b7e07f8c-5563-87b4-a272-b86be968b9fc","Listed","fb2f666f-17c6-81c2-e46a-37da4af6ece8","user","Nico Chaudhry","nico.chaudhry34@example.com"
"2026-07-01","b7e07f8c-5563-87b4-a272-b86be968b9fc","Listed","04ba8ea3-0e6b-cf95-0760-cc78eb181a96","user","Avery Bergstrom","avery.bergstrom41@example.com"
"2026-07-01","caf79430-b9b0-438b-130c-22d4364f6276","None","","","",""
"2026-07-01","35e34f96-059a-e442-4d4f-afdeeeba222a","Listed","b9ed8f50-03b7-c212-c052-6b394dc4c7b7","user","Jordan Kowalski","jordan.kowalski30@example.com"
"2026-07-01","35e34f96-059a-e442-4d4f-afdeeeba222a","Listed","8fdabbac-29ca-3334-3ba3-9fad9527199a","user","Quinn Jovanovic","quinn.jovanovic37@example.com"
"2026-07-01","cfc0d9c8-6a68-02ee-c823-5abccd4385bb","None","","","",""
"2026-07-01","64f8f606-f787-653d-eb91-c50cb24bcd75","None","","","",""
"2026-07-01","542c85e1-2122-9d77-6f70-a9f57c22d1e0","Listed","d6877075-88fe-7634-ba7c-0ec5f20a99da","user","Marlowe Nakamura","marlowe.nakamura33@example.com"
"2026-07-01","542c85e1-2122-9d77-6f70-a9f57c22d1e0","Listed","19abff0b-792e-68be-7cff-a0b49841b1f7","user","Tatum Moreau","tatum.moreau40@example.com"
"2026-07-01","4e5d3616-820a-0f75-989f-092ded2471cc","Listed","fb2f666f-17c6-81c2-e46a-37da4af6ece8","user","Nico Chaudhry","nico.chaudhry34@example.com"
"2026-07-01","4e5d3616-820a-0f75-989f-092ded2471cc","Listed","04ba8ea3-0e6b-cf95-0760-cc78eb181a96","user","Avery Bergstrom","avery.bergstrom41@example.com"
"2026-07-01","9fd0d68e-8fc7-60fe-144c-e29b66c29a14","Listed","70aa7a2e-7c13-caa4-3ee0-3217d80a3ddf","user","Parker Abara","parker.abara36@example.com"
"2026-07-01","07243b7a-3008-8d39-ce43-458714044f55","Listed","ade4f50f-c10f-5160-6acb-b63c03ea1554","user","Reese Quintero","reese.quintero38@example.com"
"2026-07-01","07243b7a-3008-8d39-ce43-458714044f55","Listed","10d9d9e3-65c4-5f37-2ed9-ddf70f1e8655","user","Emery Nakamura","emery.nakamura45@example.com"
"2026-07-01","89a06496-c3f4-e9c3-2e2f-def9574524b8","Listed","81af9e77-e03b-0041-2b91-4a0afe3d50ea","user","Sage Dlamini","sage.dlamini39@example.com"
"2026-07-01","89a06496-c3f4-e9c3-2e2f-def9574524b8","Listed","6967dd76-65ee-7389-55d6-a65db5c130b8","user","Finley Chaudhry","finley.chaudhry46@example.com"
"2026-07-01","89a06496-c3f4-e9c3-2e2f-def9574524b8","Listed","3528ebcf-b489-6f85-8c4a-698e1e363baa","user","Marlowe Bergstrom","marlowe.bergstrom53@example.com"
"2026-07-01","243df109-01a2-4627-3985-5e6937a5c066","None","","","",""
"2026-07-01","ac1aa915-300a-524f-7b53-a6078c726264","Listed","04ba8ea3-0e6b-cf95-0760-cc78eb181a96","user","Avery Bergstrom","avery.bergstrom41@example.com"
"2026-07-01","ac1aa915-300a-524f-7b53-a6078c726264","Listed","74ea7ad9-5187-600f-b8d0-241bc657c7df","user","Harper Abara","harper.abara48@example.com"
"2026-07-01","ac1aa915-300a-524f-7b53-a6078c726264","Listed","0552a6cb-2d59-1fb5-9603-ce14fc579611","user","Oakley Silva","oakley.silva55@example.com"
"2026-07-01","1f9080aa-63a0-9a52-ed73-a656f4db940a","Listed","366f5e76-d3c2-4163-6077-f90858071a35","user","Blair Kowalski","blair.kowalski42@example.com"
"2026-07-01","1f9080aa-63a0-9a52-ed73-a656f4db940a","Listed","252d1032-1a6d-aa25-846c-979e32be603c","user","Indigo Jovanovic","indigo.jovanovic49@example.com"
"2026-07-01","1f9080aa-63a0-9a52-ed73-a656f4db940a","Listed","d9850514-a9ea-f45b-56e4-debd7ad01a03","user","Parker Ibarra","parker.ibarra56@example.com"
"2026-07-01","2fc30a09-4e18-1a03-eab3-2d42206b298a","Listed","9c9307c4-5f84-5d71-9b04-13879901f83a","user","Casey Silva","casey.silva43@example.com"
"2026-07-01","2fc30a09-4e18-1a03-eab3-2d42206b298a","Listed","561377bc-4e57-2b89-b024-1897215f9d3c","user","Jordan Quintero","jordan.quintero50@example.com"
"2026-07-01","b100e08e-9798-59ce-5ccb-a5ab0da075cc","Listed","e7cb6cab-29a0-1eae-d6fe-07c55db5d1d8","user","Devon Ibarra","devon.ibarra44@example.com"
"2026-07-01","1378c003-6fd4-806b-688c-2afa2f7b29c3","Listed","10d9d9e3-65c4-5f37-2ed9-ddf70f1e8655","user","Emery Nakamura","emery.nakamura45@example.com"
"2026-07-01","deb07a3e-4c24-7209-075e-19be75d9f07c","None","","","",""
"2026-07-01","f64c73ab-0af0-df3b-bc8f-d2e799a80de6","Listed","74ea7ad9-5187-600f-b8d0-241bc657c7df","user","Harper Abara","harper.abara48@example.com"
"2026-07-01","f64c73ab-0af0-df3b-bc8f-d2e799a80de6","Listed","0552a6cb-2d59-1fb5-9603-ce14fc579611","user","Oakley Silva","oakley.silva55@example.com"
"2026-07-01","f64c73ab-0af0-df3b-bc8f-d2e799a80de6","Listed","19f03877-3d2f-e26f-01e5-33751b67e6dc","user","Blair Quintero","blair.quintero@example.com"
"2026-08-01","41049210-bdfd-9150-66f6-a78adf8ffbd9","Listed","f0309939-1fa0-91d0-84ec-6aff4e305b60","user","Avery Jovanovic","avery.jovanovic@example.com"
"2026-08-01","4bc5cd84-a69e-7639-89de-de1ee5db5724","Listed","19f03877-3d2f-e26f-01e5-33751b67e6dc","user","Blair Quintero","blair.quintero@example.com"
"2026-08-01","4bc5cd84-a69e-7639-89de-de1ee5db5724","Listed","406348e0-90da-8e65-e75f-600063417668","user","Indigo Nakamura","indigo.nakamura@example.com"
"2026-08-01","4bc5cd84-a69e-7639-89de-de1ee5db5724","Listed","d223638b-e9db-4d7d-19b5-f92186cf91fd","user","Parker Moreau","parker.moreau@example.com"
"2026-08-01","f353ad2d-55be-544e-a7f5-78388b338bc4","Listed","d3ec237f-b375-e68c-7251-7a091e9dfb01","user","Casey Dlamini","casey.dlamini@example.com"
"2026-08-01","6bc817dc-b3fa-b5a4-4867-f2b5b7d779d2","Listed","f2691f0e-bd80-eb1d-5d0f-d00219729d88","user","Devon Moreau","devon.moreau@example.com"
"2026-08-01","6bc817dc-b3fa-b5a4-4867-f2b5b7d779d2","Listed","5c6804f0-57d3-d228-f9e5-fc4bb970953e","user","Kai Lindqvist","kai.lindqvist@example.com"
"2026-08-01","6bc817dc-b3fa-b5a4-4867-f2b5b7d779d2","Listed","17a19190-72c2-3a14-af15-9a4db8c3d008","user","Reese Kowalski","reese.kowalski@example.com"
"2026-08-01","b193a666-9250-d9e4-e631-7712d03c2a52","Listed","3cc3a371-488c-1eca-68f8-c695791af3e1","user","Emery Bergstrom","emery.bergstrom@example.com"
"2026-08-01","b193a666-9250-d9e4-e631-7712d03c2a52","Listed","955a5c10-e6c4-71f7-9fb7-357269bbf6a0","user","Logan Abara","logan.abara@example.com"
"2026-08-01","7bd54611-4ab4-696d-16be-314b48b122d8","Listed","2fa28c69-89b6-7c56-1570-37086b96bc14","user","Finley Kowalski","finley.kowalski@example.com"
"2026-08-01","06a53ec0-a73d-ee39-bd35-dee8555fbe35","Unknown","","","",""
"2026-08-01","88c74572-088a-117a-369d-203d908597d6","Listed","39ed4244-0fe6-5a32-e660-8c30d8658b21","user","Harper Ibarra","harper.ibarra@example.com"
"2026-08-01","c4aabd98-26d9-ef5f-3ab2-41a8704a5a28","Listed","83eb08e4-ceed-f37c-99f4-ee302aee96a8","user","Jordan Chaudhry","jordan.chaudhry@example.com"
"2026-08-01","c4aabd98-26d9-ef5f-3ab2-41a8704a5a28","Listed","129a3bec-bb91-972b-5453-c6101d4bf4da","user","Quinn Bergstrom","quinn.bergstrom@example.com"
"2026-08-01","c4aabd98-26d9-ef5f-3ab2-41a8704a5a28","Listed","5ccfab4b-f416-670a-421f-83c69bf2a813","user","Devon Abara","devon.abara24@example.com"
"2026-08-01","36df3fc8-f89f-592f-2770-4a7a63afb597","Listed","5c6804f0-57d3-d228-f9e5-fc4bb970953e","user","Kai Lindqvist","kai.lindqvist@example.com"
"2026-08-01","36df3fc8-f89f-592f-2770-4a7a63afb597","Listed","17a19190-72c2-3a14-af15-9a4db8c3d008","user","Reese Kowalski","reese.kowalski@example.com"
"2026-08-01","36df3fc8-f89f-592f-2770-4a7a63afb597","Listed","87208ff4-4fc4-3a60-440f-d751fc958657","user","Emery Jovanovic","emery.jovanovic25@example.com"
"2026-08-01","de07bda6-83ad-8456-595e-de16c4f56be4","None","","","",""
"2026-08-01","e6f65ed0-72aa-5b96-6c4b-98442182d858","Listed","933488e4-1a5b-96d4-f74e-3a7e9aebb1fe","user","Marlowe Jovanovic","marlowe.jovanovic@example.com"
"2026-08-01","e6f65ed0-72aa-5b96-6c4b-98442182d858","Listed","2779d479-57fe-160c-fc06-9b0340152f0b","user","Tatum Ibarra","tatum.ibarra@example.com"
"2026-08-01","e6f65ed0-72aa-5b96-6c4b-98442182d858","Listed","7fe7c3db-dcfb-faaf-90f1-23ee3f4472df","user","Gray Dlamini","gray.dlamini27@example.com"
"2026-08-01","ba9f636c-b34a-6c47-4b17-ae1beca9e8c7","Listed","81405a7b-6265-71b8-9d87-7c415419f8ca","user","Nico Quintero","nico.quintero@example.com"
"2026-08-01","ba9f636c-b34a-6c47-4b17-ae1beca9e8c7","Listed","5deb2925-9882-0beb-a201-e7efbc1d56c8","user","Avery Nakamura","avery.nakamura21@example.com"
"2026-08-01","ba9f636c-b34a-6c47-4b17-ae1beca9e8c7","Listed","4cba966e-2ed6-f7c8-c9ec-3a3d85eaa07b","user","Harper Moreau","harper.moreau28@example.com"
"2026-08-01","d3807e92-0ce9-964a-f3e7-0bbdbef29247","Listed","3f017c63-2dc0-a9ef-3621-1d49c06b2308","user","Oakley Dlamini","oakley.dlamini@example.com"
"2026-08-01","d3807e92-0ce9-964a-f3e7-0bbdbef29247","Listed","797a5c70-8f5a-8e47-8e84-c8827d2153ca","user","Blair Chaudhry","blair.chaudhry22@example.com"
"2026-08-01","d3807e92-0ce9-964a-f3e7-0bbdbef29247","Listed","28c4f3e1-daae-bf43-7298-292ce4f6f9df","user","Indigo Bergstrom","indigo.bergstrom29@example.com"
"2026-08-01","95059680-702f-9a29-f5e6-cf1fd9e51ee7","Listed","d223638b-e9db-4d7d-19b5-f92186cf91fd","user","Parker Moreau","parker.moreau@example.com"
"2026-08-01","95059680-702f-9a29-f5e6-cf1fd9e51ee7","Listed","e0521b1c-f33b-0bb5-2e0d-497eac7786e8","user","Casey Lindqvist","casey.lindqvist23@example.com"
"2026-08-01","b62d5ea2-8056-bbe9-0ae9-f193fee9cd53","Listed","129a3bec-bb91-972b-5453-c6101d4bf4da","user","Quinn Bergstrom","quinn.bergstrom@example.com"
"2026-08-01","b62d5ea2-8056-bbe9-0ae9-f193fee9cd53","Listed","5ccfab4b-f416-670a-421f-83c69bf2a813","user","Devon Abara","devon.abara24@example.com"
"2026-08-01","9fed24f2-ac18-0828-c63c-172aa64ff3a7","None","","","",""
"2026-08-01","2ee6dc39-e746-1935-0dc9-2369003e7d70","Unknown","","","",""
"2026-08-01","c7d1cef5-aeec-26f6-eb64-bfc2a7b84807","Listed","2779d479-57fe-160c-fc06-9b0340152f0b","user","Tatum Ibarra","tatum.ibarra@example.com"
"2026-08-01","c7d1cef5-aeec-26f6-eb64-bfc2a7b84807","Listed","7fe7c3db-dcfb-faaf-90f1-23ee3f4472df","user","Gray Dlamini","gray.dlamini27@example.com"
"2026-08-01","c7d1cef5-aeec-26f6-eb64-bfc2a7b84807","Listed","fb2f666f-17c6-81c2-e46a-37da4af6ece8","user","Nico Chaudhry","nico.chaudhry34@example.com"
"2026-08-01","c0f472b8-11a5-3676-d9db-7152cf430e14","None","","","",""
"2026-08-01","a7646521-8559-6934-1dca-e364f23c5bdd","Listed","797a5c70-8f5a-8e47-8e84-c8827d2153ca","user","Blair Chaudhry","blair.chaudhry22@example.com"
"2026-08-01","a7646521-8559-6934-1dca-e364f23c5bdd","Listed","28c4f3e1-daae-bf43-7298-292ce4f6f9df","user","Indigo Bergstrom","indigo.bergstrom29@example.com"
"2026-08-01","a7646521-8559-6934-1dca-e364f23c5bdd","Listed","70aa7a2e-7c13-caa4-3ee0-3217d80a3ddf","user","Parker Abara","parker.abara36@example.com"
"2026-08-01","d7704e89-3a75-09f3-798c-b4fc970d8f18","Listed","e0521b1c-f33b-0bb5-2e0d-497eac7786e8","user","Casey Lindqvist","casey.lindqvist23@example.com"
"2026-08-01","d7704e89-3a75-09f3-798c-b4fc970d8f18","Listed","b9ed8f50-03b7-c212-c052-6b394dc4c7b7","user","Jordan Kowalski","jordan.kowalski30@example.com"
"2026-08-01","d7704e89-3a75-09f3-798c-b4fc970d8f18","Listed","8fdabbac-29ca-3334-3ba3-9fad9527199a","user","Quinn Jovanovic","quinn.jovanovic37@example.com"
"2026-08-01","dded8d10-b207-6036-129c-be020fdc1637","Listed","5ccfab4b-f416-670a-421f-83c69bf2a813","user","Devon Abara","devon.abara24@example.com"
"2026-08-01","dded8d10-b207-6036-129c-be020fdc1637","Listed","e0e74527-1608-2fbb-ce9c-084344a54643","user","Kai Silva","kai.silva31@example.com"
"2026-08-01","f6af5751-4da5-ed4d-fa10-3e225778c082","Listed","87208ff4-4fc4-3a60-440f-d751fc958657","user","Emery Jovanovic","emery.jovanovic25@example.com"
"2026-08-01","f6af5751-4da5-ed4d-fa10-3e225778c082","Listed","c03c27ce-eb16-f119-5439-4b64642df84d","user","Logan Ibarra","logan.ibarra32@example.com"
"2026-08-01","f6af5751-4da5-ed4d-fa10-3e225778c082","Listed","81af9e77-e03b-0041-2b91-4a0afe3d50ea","user","Sage Dlamini","sage.dlamini39@example.com"
"2026-08-01","87f9f6ef-7930-c9e1-7b47-57a6bf353ee6","Listed","5e05c073-d4d5-95b0-8768-7157d599cb12","user","Finley Quintero","finley.quintero26@example.com"
"2026-08-01","87f9f6ef-7930-c9e1-7b47-57a6bf353ee6","Listed","d6877075-88fe-7634-ba7c-0ec5f20a99da","user","Marlowe Nakamura","marlowe.nakamura33@example.com"
"2026-08-01","b7e07f8c-5563-87b4-a272-b86be968b9fc","Listed","7fe7c3db-dcfb-faaf-90f1-23ee3f4472df","user","Gray Dlamini","gray.dlamini27@example.com"
"2026-08-01","b7e07f8c-5563-87b4-a272-b86be968b9fc","Listed","fb2f666f-17c6-81c2-e46a-37da4af6ece8","user","Nico Chaudhry","nico.chaudhry34@example.com"
"2026-08-01","b7e07f8c-5563-87b4-a272-b86be968b9fc","Listed","04ba8ea3-0e6b-cf95-0760-cc78eb181a96","user","Avery Bergstrom","avery.bergstrom41@example.com"
"2026-08-01","caf79430-b9b0-438b-130c-22d4364f6276","None","","","",""
"2026-08-01","35e34f96-059a-e442-4d4f-afdeeeba222a","Listed","b9ed8f50-03b7-c212-c052-6b394dc4c7b7","user","Jordan Kowalski","jordan.kowalski30@example.com"
"2026-08-01","35e34f96-059a-e442-4d4f-afdeeeba222a","Listed","8fdabbac-29ca-3334-3ba3-9fad9527199a","user","Quinn Jovanovic","quinn.jovanovic37@example.com"
"2026-08-01","cfc0d9c8-6a68-02ee-c823-5abccd4385bb","None","","","",""
"2026-08-01","64f8f606-f787-653d-eb91-c50cb24bcd75","None","","","",""
"2026-08-01","542c85e1-2122-9d77-6f70-a9f57c22d1e0","Listed","d6877075-88fe-7634-ba7c-0ec5f20a99da","user","Marlowe Nakamura","marlowe.nakamura33@example.com"
"2026-08-01","542c85e1-2122-9d77-6f70-a9f57c22d1e0","Listed","19abff0b-792e-68be-7cff-a0b49841b1f7","user","Tatum Moreau","tatum.moreau40@example.com"
"2026-08-01","4e5d3616-820a-0f75-989f-092ded2471cc","Listed","fb2f666f-17c6-81c2-e46a-37da4af6ece8","user","Nico Chaudhry","nico.chaudhry34@example.com"
"2026-08-01","4e5d3616-820a-0f75-989f-092ded2471cc","Listed","04ba8ea3-0e6b-cf95-0760-cc78eb181a96","user","Avery Bergstrom","avery.bergstrom41@example.com"
"2026-08-01","161c217c-2835-94fb-c61e-c06dcaca4ece","Listed","b429f865-9f8b-9c31-e28e-4640ca8a4422","user","Oakley Lindqvist","oakley.lindqvist35@example.com"
"2026-08-01","161c217c-2835-94fb-c61e-c06dcaca4ece","Listed","366f5e76-d3c2-4163-6077-f90858071a35","user","Blair Kowalski","blair.kowalski42@example.com"
"2026-08-01","9fd0d68e-8fc7-60fe-144c-e29b66c29a14","Listed","70aa7a2e-7c13-caa4-3ee0-3217d80a3ddf","user","Parker Abara","parker.abara36@example.com"
"2026-08-01","07243b7a-3008-8d39-ce43-458714044f55","Listed","ade4f50f-c10f-5160-6acb-b63c03ea1554","user","Reese Quintero","reese.quintero38@example.com"
"2026-08-01","07243b7a-3008-8d39-ce43-458714044f55","Listed","10d9d9e3-65c4-5f37-2ed9-ddf70f1e8655","user","Emery Nakamura","emery.nakamura45@example.com"
"2026-08-01","89a06496-c3f4-e9c3-2e2f-def9574524b8","Listed","81af9e77-e03b-0041-2b91-4a0afe3d50ea","user","Sage Dlamini","sage.dlamini39@example.com"
"2026-08-01","89a06496-c3f4-e9c3-2e2f-def9574524b8","Listed","6967dd76-65ee-7389-55d6-a65db5c130b8","user","Finley Chaudhry","finley.chaudhry46@example.com"
"2026-08-01","89a06496-c3f4-e9c3-2e2f-def9574524b8","Listed","3528ebcf-b489-6f85-8c4a-698e1e363baa","user","Marlowe Bergstrom","marlowe.bergstrom53@example.com"
"2026-08-01","243df109-01a2-4627-3985-5e6937a5c066","None","","","",""
"2026-08-01","ac1aa915-300a-524f-7b53-a6078c726264","Listed","04ba8ea3-0e6b-cf95-0760-cc78eb181a96","user","Avery Bergstrom","avery.bergstrom41@example.com"
"2026-08-01","ac1aa915-300a-524f-7b53-a6078c726264","Listed","74ea7ad9-5187-600f-b8d0-241bc657c7df","user","Harper Abara","harper.abara48@example.com"
"2026-08-01","ac1aa915-300a-524f-7b53-a6078c726264","Listed","0552a6cb-2d59-1fb5-9603-ce14fc579611","user","Oakley Silva","oakley.silva55@example.com"
"2026-08-01","1f9080aa-63a0-9a52-ed73-a656f4db940a","Listed","366f5e76-d3c2-4163-6077-f90858071a35","user","Blair Kowalski","blair.kowalski42@example.com"
"2026-08-01","1f9080aa-63a0-9a52-ed73-a656f4db940a","Listed","252d1032-1a6d-aa25-846c-979e32be603c","user","Indigo Jovanovic","indigo.jovanovic49@example.com"
"2026-08-01","1f9080aa-63a0-9a52-ed73-a656f4db940a","Listed","d9850514-a9ea-f45b-56e4-debd7ad01a03","user","Parker Ibarra","parker.ibarra56@example.com"
"2026-08-01","2fc30a09-4e18-1a03-eab3-2d42206b298a","Listed","9c9307c4-5f84-5d71-9b04-13879901f83a","user","Casey Silva","casey.silva43@example.com"
"2026-08-01","2fc30a09-4e18-1a03-eab3-2d42206b298a","Listed","561377bc-4e57-2b89-b024-1897215f9d3c","user","Jordan Quintero","jordan.quintero50@example.com"
"2026-08-01","b100e08e-9798-59ce-5ccb-a5ab0da075cc","Listed","e7cb6cab-29a0-1eae-d6fe-07c55db5d1d8","user","Devon Ibarra","devon.ibarra44@example.com"
"2026-08-01","1378c003-6fd4-806b-688c-2afa2f7b29c3","Listed","10d9d9e3-65c4-5f37-2ed9-ddf70f1e8655","user","Emery Nakamura","emery.nakamura45@example.com"
"2026-08-01","129788e7-b3cb-9cbd-e1b6-ae388b1f879e","Listed","6967dd76-65ee-7389-55d6-a65db5c130b8","user","Finley Chaudhry","finley.chaudhry46@example.com"
"2026-08-01","129788e7-b3cb-9cbd-e1b6-ae388b1f879e","Listed","3528ebcf-b489-6f85-8c4a-698e1e363baa","user","Marlowe Bergstrom","marlowe.bergstrom53@example.com"
"2026-08-01","deb07a3e-4c24-7209-075e-19be75d9f07c","None","","","",""
"2026-08-01","f64c73ab-0af0-df3b-bc8f-d2e799a80de6","Listed","74ea7ad9-5187-600f-b8d0-241bc657c7df","user","Harper Abara","harper.abara48@example.com"
"2026-08-01","f64c73ab-0af0-df3b-bc8f-d2e799a80de6","Listed","0552a6cb-2d59-1fb5-9603-ce14fc579611","user","Oakley Silva","oakley.silva55@example.com"
"2026-08-01","f64c73ab-0af0-df3b-bc8f-d2e799a80de6","Listed","19f03877-3d2f-e26f-01e5-33751b67e6dc","user","Blair Quintero","blair.quintero@example.com"
"2026-09-01","41049210-bdfd-9150-66f6-a78adf8ffbd9","Listed","f0309939-1fa0-91d0-84ec-6aff4e305b60","user","Avery Jovanovic","avery.jovanovic@example.com"
"2026-09-01","4bc5cd84-a69e-7639-89de-de1ee5db5724","Listed","19f03877-3d2f-e26f-01e5-33751b67e6dc","user","Blair Quintero","blair.quintero@example.com"
"2026-09-01","4bc5cd84-a69e-7639-89de-de1ee5db5724","Listed","406348e0-90da-8e65-e75f-600063417668","user","Indigo Nakamura","indigo.nakamura@example.com"
"2026-09-01","4bc5cd84-a69e-7639-89de-de1ee5db5724","Listed","d223638b-e9db-4d7d-19b5-f92186cf91fd","user","Parker Moreau","parker.moreau@example.com"
"2026-09-01","f353ad2d-55be-544e-a7f5-78388b338bc4","Listed","d3ec237f-b375-e68c-7251-7a091e9dfb01","user","Casey Dlamini","casey.dlamini@example.com"
"2026-09-01","6bc817dc-b3fa-b5a4-4867-f2b5b7d779d2","Listed","f2691f0e-bd80-eb1d-5d0f-d00219729d88","user","Devon Moreau","devon.moreau@example.com"
"2026-09-01","6bc817dc-b3fa-b5a4-4867-f2b5b7d779d2","Listed","5c6804f0-57d3-d228-f9e5-fc4bb970953e","user","Kai Lindqvist","kai.lindqvist@example.com"
"2026-09-01","6bc817dc-b3fa-b5a4-4867-f2b5b7d779d2","Listed","17a19190-72c2-3a14-af15-9a4db8c3d008","user","Reese Kowalski","reese.kowalski@example.com"
"2026-09-01","b193a666-9250-d9e4-e631-7712d03c2a52","Listed","3cc3a371-488c-1eca-68f8-c695791af3e1","user","Emery Bergstrom","emery.bergstrom@example.com"
"2026-09-01","b193a666-9250-d9e4-e631-7712d03c2a52","Listed","955a5c10-e6c4-71f7-9fb7-357269bbf6a0","user","Logan Abara","logan.abara@example.com"
"2026-09-01","7bd54611-4ab4-696d-16be-314b48b122d8","Listed","2fa28c69-89b6-7c56-1570-37086b96bc14","user","Finley Kowalski","finley.kowalski@example.com"
"2026-09-01","06a53ec0-a73d-ee39-bd35-dee8555fbe35","Unknown","","","",""
"2026-09-01","88c74572-088a-117a-369d-203d908597d6","Listed","39ed4244-0fe6-5a32-e660-8c30d8658b21","user","Harper Ibarra","harper.ibarra@example.com"
"2026-09-01","606dfb01-c35c-121a-c6ca-58feb04ef8de","Listed","406348e0-90da-8e65-e75f-600063417668","user","Indigo Nakamura","indigo.nakamura@example.com"
"2026-09-01","c4aabd98-26d9-ef5f-3ab2-41a8704a5a28","Listed","83eb08e4-ceed-f37c-99f4-ee302aee96a8","user","Jordan Chaudhry","jordan.chaudhry@example.com"
"2026-09-01","c4aabd98-26d9-ef5f-3ab2-41a8704a5a28","Listed","129a3bec-bb91-972b-5453-c6101d4bf4da","user","Quinn Bergstrom","quinn.bergstrom@example.com"
"2026-09-01","c4aabd98-26d9-ef5f-3ab2-41a8704a5a28","Listed","5ccfab4b-f416-670a-421f-83c69bf2a813","user","Devon Abara","devon.abara24@example.com"
"2026-09-01","36df3fc8-f89f-592f-2770-4a7a63afb597","Listed","5c6804f0-57d3-d228-f9e5-fc4bb970953e","user","Kai Lindqvist","kai.lindqvist@example.com"
"2026-09-01","36df3fc8-f89f-592f-2770-4a7a63afb597","Listed","17a19190-72c2-3a14-af15-9a4db8c3d008","user","Reese Kowalski","reese.kowalski@example.com"
"2026-09-01","36df3fc8-f89f-592f-2770-4a7a63afb597","Listed","87208ff4-4fc4-3a60-440f-d751fc958657","user","Emery Jovanovic","emery.jovanovic25@example.com"
"2026-09-01","de07bda6-83ad-8456-595e-de16c4f56be4","None","","","",""
"2026-09-01","e6f65ed0-72aa-5b96-6c4b-98442182d858","Listed","933488e4-1a5b-96d4-f74e-3a7e9aebb1fe","user","Marlowe Jovanovic","marlowe.jovanovic@example.com"
"2026-09-01","e6f65ed0-72aa-5b96-6c4b-98442182d858","Listed","2779d479-57fe-160c-fc06-9b0340152f0b","user","Tatum Ibarra","tatum.ibarra@example.com"
"2026-09-01","e6f65ed0-72aa-5b96-6c4b-98442182d858","Listed","7fe7c3db-dcfb-faaf-90f1-23ee3f4472df","user","Gray Dlamini","gray.dlamini27@example.com"
"2026-09-01","ba9f636c-b34a-6c47-4b17-ae1beca9e8c7","Listed","81405a7b-6265-71b8-9d87-7c415419f8ca","user","Nico Quintero","nico.quintero@example.com"
"2026-09-01","ba9f636c-b34a-6c47-4b17-ae1beca9e8c7","Listed","5deb2925-9882-0beb-a201-e7efbc1d56c8","user","Avery Nakamura","avery.nakamura21@example.com"
"2026-09-01","ba9f636c-b34a-6c47-4b17-ae1beca9e8c7","Listed","4cba966e-2ed6-f7c8-c9ec-3a3d85eaa07b","user","Harper Moreau","harper.moreau28@example.com"
"2026-09-01","d3807e92-0ce9-964a-f3e7-0bbdbef29247","Listed","3f017c63-2dc0-a9ef-3621-1d49c06b2308","user","Oakley Dlamini","oakley.dlamini@example.com"
"2026-09-01","d3807e92-0ce9-964a-f3e7-0bbdbef29247","Listed","797a5c70-8f5a-8e47-8e84-c8827d2153ca","user","Blair Chaudhry","blair.chaudhry22@example.com"
"2026-09-01","d3807e92-0ce9-964a-f3e7-0bbdbef29247","Listed","28c4f3e1-daae-bf43-7298-292ce4f6f9df","user","Indigo Bergstrom","indigo.bergstrom29@example.com"
"2026-09-01","95059680-702f-9a29-f5e6-cf1fd9e51ee7","Listed","d223638b-e9db-4d7d-19b5-f92186cf91fd","user","Parker Moreau","parker.moreau@example.com"
"2026-09-01","95059680-702f-9a29-f5e6-cf1fd9e51ee7","Listed","e0521b1c-f33b-0bb5-2e0d-497eac7786e8","user","Casey Lindqvist","casey.lindqvist23@example.com"
"2026-09-01","b62d5ea2-8056-bbe9-0ae9-f193fee9cd53","Listed","129a3bec-bb91-972b-5453-c6101d4bf4da","user","Quinn Bergstrom","quinn.bergstrom@example.com"
"2026-09-01","b62d5ea2-8056-bbe9-0ae9-f193fee9cd53","Listed","5ccfab4b-f416-670a-421f-83c69bf2a813","user","Devon Abara","devon.abara24@example.com"
"2026-09-01","9fed24f2-ac18-0828-c63c-172aa64ff3a7","None","","","",""
"2026-09-01","2ee6dc39-e746-1935-0dc9-2369003e7d70","Unknown","","","",""
"2026-09-01","c7d1cef5-aeec-26f6-eb64-bfc2a7b84807","Listed","2779d479-57fe-160c-fc06-9b0340152f0b","user","Tatum Ibarra","tatum.ibarra@example.com"
"2026-09-01","c7d1cef5-aeec-26f6-eb64-bfc2a7b84807","Listed","7fe7c3db-dcfb-faaf-90f1-23ee3f4472df","user","Gray Dlamini","gray.dlamini27@example.com"
"2026-09-01","c7d1cef5-aeec-26f6-eb64-bfc2a7b84807","Listed","fb2f666f-17c6-81c2-e46a-37da4af6ece8","user","Nico Chaudhry","nico.chaudhry34@example.com"
"2026-09-01","c0f472b8-11a5-3676-d9db-7152cf430e14","None","","","",""
"2026-09-01","a7646521-8559-6934-1dca-e364f23c5bdd","Listed","797a5c70-8f5a-8e47-8e84-c8827d2153ca","user","Blair Chaudhry","blair.chaudhry22@example.com"
"2026-09-01","a7646521-8559-6934-1dca-e364f23c5bdd","Listed","28c4f3e1-daae-bf43-7298-292ce4f6f9df","user","Indigo Bergstrom","indigo.bergstrom29@example.com"
"2026-09-01","a7646521-8559-6934-1dca-e364f23c5bdd","Listed","70aa7a2e-7c13-caa4-3ee0-3217d80a3ddf","user","Parker Abara","parker.abara36@example.com"
"2026-09-01","d7704e89-3a75-09f3-798c-b4fc970d8f18","Listed","e0521b1c-f33b-0bb5-2e0d-497eac7786e8","user","Casey Lindqvist","casey.lindqvist23@example.com"
"2026-09-01","d7704e89-3a75-09f3-798c-b4fc970d8f18","Listed","b9ed8f50-03b7-c212-c052-6b394dc4c7b7","user","Jordan Kowalski","jordan.kowalski30@example.com"
"2026-09-01","d7704e89-3a75-09f3-798c-b4fc970d8f18","Listed","8fdabbac-29ca-3334-3ba3-9fad9527199a","user","Quinn Jovanovic","quinn.jovanovic37@example.com"
"2026-09-01","dded8d10-b207-6036-129c-be020fdc1637","Listed","5ccfab4b-f416-670a-421f-83c69bf2a813","user","Devon Abara","devon.abara24@example.com"
"2026-09-01","dded8d10-b207-6036-129c-be020fdc1637","Listed","e0e74527-1608-2fbb-ce9c-084344a54643","user","Kai Silva","kai.silva31@example.com"
"2026-09-01","f6af5751-4da5-ed4d-fa10-3e225778c082","Listed","87208ff4-4fc4-3a60-440f-d751fc958657","user","Emery Jovanovic","emery.jovanovic25@example.com"
"2026-09-01","f6af5751-4da5-ed4d-fa10-3e225778c082","Listed","c03c27ce-eb16-f119-5439-4b64642df84d","user","Logan Ibarra","logan.ibarra32@example.com"
"2026-09-01","f6af5751-4da5-ed4d-fa10-3e225778c082","Listed","81af9e77-e03b-0041-2b91-4a0afe3d50ea","user","Sage Dlamini","sage.dlamini39@example.com"
"2026-09-01","87f9f6ef-7930-c9e1-7b47-57a6bf353ee6","Listed","5e05c073-d4d5-95b0-8768-7157d599cb12","user","Finley Quintero","finley.quintero26@example.com"
"2026-09-01","87f9f6ef-7930-c9e1-7b47-57a6bf353ee6","Listed","d6877075-88fe-7634-ba7c-0ec5f20a99da","user","Marlowe Nakamura","marlowe.nakamura33@example.com"
"2026-09-01","b7e07f8c-5563-87b4-a272-b86be968b9fc","Listed","7fe7c3db-dcfb-faaf-90f1-23ee3f4472df","user","Gray Dlamini","gray.dlamini27@example.com"
"2026-09-01","b7e07f8c-5563-87b4-a272-b86be968b9fc","Listed","fb2f666f-17c6-81c2-e46a-37da4af6ece8","user","Nico Chaudhry","nico.chaudhry34@example.com"
"2026-09-01","b7e07f8c-5563-87b4-a272-b86be968b9fc","Listed","04ba8ea3-0e6b-cf95-0760-cc78eb181a96","user","Avery Bergstrom","avery.bergstrom41@example.com"
"2026-09-01","caf79430-b9b0-438b-130c-22d4364f6276","None","","","",""
"2026-09-01","9fd4d941-d53b-85cd-ea44-481466e6f887","Listed","28c4f3e1-daae-bf43-7298-292ce4f6f9df","user","Indigo Bergstrom","indigo.bergstrom29@example.com"
"2026-09-01","9fd4d941-d53b-85cd-ea44-481466e6f887","Listed","70aa7a2e-7c13-caa4-3ee0-3217d80a3ddf","user","Parker Abara","parker.abara36@example.com"
"2026-09-01","35e34f96-059a-e442-4d4f-afdeeeba222a","Listed","b9ed8f50-03b7-c212-c052-6b394dc4c7b7","user","Jordan Kowalski","jordan.kowalski30@example.com"
"2026-09-01","35e34f96-059a-e442-4d4f-afdeeeba222a","Listed","8fdabbac-29ca-3334-3ba3-9fad9527199a","user","Quinn Jovanovic","quinn.jovanovic37@example.com"
"2026-09-01","cfc0d9c8-6a68-02ee-c823-5abccd4385bb","None","","","",""
"2026-09-01","64f8f606-f787-653d-eb91-c50cb24bcd75","None","","","",""
"2026-09-01","542c85e1-2122-9d77-6f70-a9f57c22d1e0","Listed","d6877075-88fe-7634-ba7c-0ec5f20a99da","user","Marlowe Nakamura","marlowe.nakamura33@example.com"
"2026-09-01","542c85e1-2122-9d77-6f70-a9f57c22d1e0","Listed","19abff0b-792e-68be-7cff-a0b49841b1f7","user","Tatum Moreau","tatum.moreau40@example.com"
"2026-09-01","4e5d3616-820a-0f75-989f-092ded2471cc","Listed","fb2f666f-17c6-81c2-e46a-37da4af6ece8","user","Nico Chaudhry","nico.chaudhry34@example.com"
"2026-09-01","4e5d3616-820a-0f75-989f-092ded2471cc","Listed","04ba8ea3-0e6b-cf95-0760-cc78eb181a96","user","Avery Bergstrom","avery.bergstrom41@example.com"
"2026-09-01","161c217c-2835-94fb-c61e-c06dcaca4ece","Listed","b429f865-9f8b-9c31-e28e-4640ca8a4422","user","Oakley Lindqvist","oakley.lindqvist35@example.com"
"2026-09-01","161c217c-2835-94fb-c61e-c06dcaca4ece","Listed","366f5e76-d3c2-4163-6077-f90858071a35","user","Blair Kowalski","blair.kowalski42@example.com"
"2026-09-01","9fd0d68e-8fc7-60fe-144c-e29b66c29a14","Listed","70aa7a2e-7c13-caa4-3ee0-3217d80a3ddf","user","Parker Abara","parker.abara36@example.com"
"2026-09-01","c04981d2-5922-fd23-094c-36c538a6507d","Listed","8fdabbac-29ca-3334-3ba3-9fad9527199a","user","Quinn Jovanovic","quinn.jovanovic37@example.com"
"2026-09-01","c04981d2-5922-fd23-094c-36c538a6507d","Listed","e7cb6cab-29a0-1eae-d6fe-07c55db5d1d8","user","Devon Ibarra","devon.ibarra44@example.com"
"2026-09-01","07243b7a-3008-8d39-ce43-458714044f55","Listed","ade4f50f-c10f-5160-6acb-b63c03ea1554","user","Reese Quintero","reese.quintero38@example.com"
"2026-09-01","07243b7a-3008-8d39-ce43-458714044f55","Listed","10d9d9e3-65c4-5f37-2ed9-ddf70f1e8655","user","Emery Nakamura","emery.nakamura45@example.com"
"2026-09-01","89a06496-c3f4-e9c3-2e2f-def9574524b8","Listed","81af9e77-e03b-0041-2b91-4a0afe3d50ea","user","Sage Dlamini","sage.dlamini39@example.com"
"2026-09-01","89a06496-c3f4-e9c3-2e2f-def9574524b8","Listed","6967dd76-65ee-7389-55d6-a65db5c130b8","user","Finley Chaudhry","finley.chaudhry46@example.com"
"2026-09-01","89a06496-c3f4-e9c3-2e2f-def9574524b8","Listed","3528ebcf-b489-6f85-8c4a-698e1e363baa","user","Marlowe Bergstrom","marlowe.bergstrom53@example.com"
"2026-09-01","243df109-01a2-4627-3985-5e6937a5c066","None","","","",""
"2026-09-01","ac1aa915-300a-524f-7b53-a6078c726264","Listed","04ba8ea3-0e6b-cf95-0760-cc78eb181a96","user","Avery Bergstrom","avery.bergstrom41@example.com"
"2026-09-01","ac1aa915-300a-524f-7b53-a6078c726264","Listed","74ea7ad9-5187-600f-b8d0-241bc657c7df","user","Harper Abara","harper.abara48@example.com"
"2026-09-01","ac1aa915-300a-524f-7b53-a6078c726264","Listed","0552a6cb-2d59-1fb5-9603-ce14fc579611","user","Oakley Silva","oakley.silva55@example.com"
"2026-09-01","1f9080aa-63a0-9a52-ed73-a656f4db940a","Listed","366f5e76-d3c2-4163-6077-f90858071a35","user","Blair Kowalski","blair.kowalski42@example.com"
"2026-09-01","1f9080aa-63a0-9a52-ed73-a656f4db940a","Listed","252d1032-1a6d-aa25-846c-979e32be603c","user","Indigo Jovanovic","indigo.jovanovic49@example.com"
"2026-09-01","1f9080aa-63a0-9a52-ed73-a656f4db940a","Listed","d9850514-a9ea-f45b-56e4-debd7ad01a03","user","Parker Ibarra","parker.ibarra56@example.com"
"2026-09-01","2fc30a09-4e18-1a03-eab3-2d42206b298a","Listed","9c9307c4-5f84-5d71-9b04-13879901f83a","user","Casey Silva","casey.silva43@example.com"
"2026-09-01","2fc30a09-4e18-1a03-eab3-2d42206b298a","Listed","561377bc-4e57-2b89-b024-1897215f9d3c","user","Jordan Quintero","jordan.quintero50@example.com"
"2026-09-01","b100e08e-9798-59ce-5ccb-a5ab0da075cc","Listed","e7cb6cab-29a0-1eae-d6fe-07c55db5d1d8","user","Devon Ibarra","devon.ibarra44@example.com"
"2026-09-01","1378c003-6fd4-806b-688c-2afa2f7b29c3","Listed","10d9d9e3-65c4-5f37-2ed9-ddf70f1e8655","user","Emery Nakamura","emery.nakamura45@example.com"
"2026-09-01","129788e7-b3cb-9cbd-e1b6-ae388b1f879e","Listed","6967dd76-65ee-7389-55d6-a65db5c130b8","user","Finley Chaudhry","finley.chaudhry46@example.com"
"2026-09-01","129788e7-b3cb-9cbd-e1b6-ae388b1f879e","Listed","3528ebcf-b489-6f85-8c4a-698e1e363baa","user","Marlowe Bergstrom","marlowe.bergstrom53@example.com"
"2026-09-01","deb07a3e-4c24-7209-075e-19be75d9f07c","None","","","",""
"2026-09-01","f64c73ab-0af0-df3b-bc8f-d2e799a80de6","Listed","74ea7ad9-5187-600f-b8d0-241bc657c7df","user","Harper Abara","harper.abara48@example.com"
"2026-09-01","f64c73ab-0af0-df3b-bc8f-d2e799a80de6","Listed","0552a6cb-2d59-1fb5-9603-ce14fc579611","user","Oakley Silva","oakley.silva55@example.com"
"2026-09-01","f64c73ab-0af0-df3b-bc8f-d2e799a80de6","Listed","19f03877-3d2f-e26f-01e5-33751b67e6dc","user","Blair Quintero","blair.quintero@example.com"
