"RunDate","TeamId","DisplayName","IsArchived"
"2026-07-01","41049210-bdfd-9150-66f6-a78adf8ffbd9","Northwind Rollout Project","False"
"2026-07-01","4bc5cd84-a69e-7639-89de-de1ee5db5724","Contoso Migration Team","False"
"2026-07-01","f353ad2d-55be-544e-a7f5-78388b338bc4","Fabrikam Pricing Working Group","False"
"2026-07-01","6bc817dc-b3fa-b5a4-4867-f2b5b7d779d2","Adventure Works Launch Community","False"
"2026-07-01","b193a666-9250-d9e4-e631-7712d03c2a52","Tailspin Support Planning","False"
"2026-07-01","7bd54611-4ab4-696d-16be-314b48b122d8","Litware Security Review","True"
"2026-07-01","06a53ec0-a73d-ee39-bd35-dee8555fbe35","Proseware Hiring Project","False"
"2026-07-01","88c74572-088a-117a-369d-203d908597d6","Wingtip Events Team","False"
"2026-07-01","36df3fc8-f89f-592f-2770-4a7a63afb597","Trey Research Planning","False"
"2026-07-01","de07bda6-83ad-8456-595e-de16c4f56be4","Woodgrove Audit Review","True"
"2026-07-01","e6f65ed0-72aa-5b96-6c4b-98442182d858","Alpine Ski House Project","False"
"2026-07-01","ba9f636c-b34a-6c47-4b17-ae1beca9e8c7","Humongous Insurance Team","False"
"2026-07-01","d3807e92-0ce9-964a-f3e7-0bbdbef29247","Coho Vineyard Working Group","False"
"2026-07-01","95059680-702f-9a29-f5e6-cf1fd9e51ee7","Fourth Coffee Ops Community","False"
"2026-07-01","b62d5ea2-8056-bbe9-0ae9-f193fee9cd53","Northwind Rollout Planning 2","False"
"2026-07-01","9fed24f2-ac18-0828-c63c-172aa64ff3a7","Contoso Migration Review 2","True"
"2026-07-01","2ee6dc39-e746-1935-0dc9-2369003e7d70","Fabrikam Pricing Project 2","False"
"2026-07-01","c7d1cef5-aeec-26f6-eb64-bfc2a7b84807","Adventure Works Launch Team 2","False"
"2026-07-01","c0f472b8-11a5-3676-d9db-7152cf430e14","Tailspin Support Working Group 2","False"
"2026-07-01","a7646521-8559-6934-1dca-e364f23c5bdd","Litware Security Community 2","False"
"2026-07-01","d7704e89-3a75-09f3-798c-b4fc970d8f18","Proseware Hiring Planning 2","False"
"2026-07-01","dded8d10-b207-6036-129c-be020fdc1637","Wingtip Events Review 2","True"
"2026-07-01","f6af5751-4da5-ed4d-fa10-3e225778c082","Lucerne Budget Project 2","False"
"2026-07-01","87f9f6ef-7930-c9e1-7b47-57a6bf353ee6","Margie Travel Team 2","False"
"2026-07-01","b7e07f8c-5563-87b4-a272-b86be968b9fc","Trey Research Working Group 2","False"
"2026-07-01","caf79430-b9b0-438b-130c-22d4364f6276","Woodgrove Audit Community 2","False"
"2026-07-01","35e34f96-059a-e442-4d4f-afdeeeba222a","Humongous Insurance Review 2","True"
"2026-08-01","41049210-bdfd-9150-66f6-a78adf8ffbd9","Northwind Rollout Project","False"
"2026-08-01","4bc5cd84-a69e-7639-89de-de1ee5db5724","Contoso Migration Team","False"
"2026-08-01","f353ad2d-55be-544e-a7f5-78388b338bc4","Fabrikam Pricing Working Group","False"
"2026-08-01","6bc817dc-b3fa-b5a4-4867-f2b5b7d779d2","Adventure Works Launch Community","False"
"2026-08-01","b193a666-9250-d9e4-e631-7712d03c2a52","Tailspin Support Planning","False"
"2026-08-01","7bd54611-4ab4-696d-16be-314b48b122d8","Litware Security Review","True"
"2026-08-01","06a53ec0-a73d-ee39-bd35-dee8555fbe35","Proseware Hiring Project","False"
"2026-08-01","88c74572-088a-117a-369d-203d908597d6","Wingtip Events Team","False"
"2026-08-01","c4aabd98-26d9-ef5f-3ab2-41a8704a5a28","Margie Travel Community","False"
"2026-08-01","36df3fc8-f89f-592f-2770-4a7a63afb597","Trey Research Planning","False"
"2026-08-01","de07bda6-83ad-8456-595e-de16c4f56be4","Woodgrove Audit Review","True"
"2026-08-01","e6f65ed0-72aa-5b96-6c4b-98442182d858","Alpine Ski House Project","False"
"2026-08-01","ba9f636c-b34a-6c47-4b17-ae1beca9e8c7","Humongous Insurance Team","False"
"2026-08-01","d3807e92-0ce9-964a-f3e7-0bbdbef29247","Coho Vineyard Working Group","False"
"2026-08-01","95059680-702f-9a29-f5e6-cf1fd9e51ee7","Fourth Coffee Ops Community","False"
"2026-08-01","b62d5ea2-8056-bbe9-0ae9-f193fee9cd53","Northwind Rollout Planning 2","False"
"2026-08-01","9fed24f2-ac18-0828-c63c-172aa64ff3a7","Contoso Migration Review 2","True"
"2026-08-01","2ee6dc39-e746-1935-0dc9-2369003e7d70","Fabrikam Pricing Project 2","False"
"2026-08-01","c7d1cef5-aeec-26f6-eb64-bfc2a7b84807","Adventure Works Launch Team 2","False"
"2026-08-01","c0f472b8-11a5-3676-d9db-7152cf430e14","Tailspin Support Working Group 2","False"
"2026-08-01","a7646521-8559-6934-1dca-e364f23c5bdd","Litware Security Community 2","False"
"2026-08-01","d7704e89-3a75-09f3-798c-b4fc970d8f18","Proseware Hiring Planning 2","False"
"2026-08-01","dded8d10-b207-6036-129c-be020fdc1637","Wingtip Events Review 2","True"
"2026-08-01","f6af5751-4da5-ed4d-fa10-3e225778c082","Lucerne Budget Project 2","False"
"2026-08-01","87f9f6ef-7930-c9e1-7b47-57a6bf353ee6","Margie Travel Team 2","False"
"2026-08-01","b7e07f8c-5563-87b4-a272-b86be968b9fc","Trey Research Working Group 2","False"
"2026-08-01","caf79430-b9b0-438b-130c-22d4364f6276","Woodgrove Audit Community 2","False"
"2026-08-01","35e34f96-059a-e442-4d4f-afdeeeba222a","Humongous Insurance Review 2","True"
"2026-09-01","41049210-bdfd-9150-66f6-a78adf8ffbd9","Northwind Rollout Project","False"
"2026-09-01","4bc5cd84-a69e-7639-89de-de1ee5db5724","Contoso Migration Team","False"
"2026-09-01","f353ad2d-55be-544e-a7f5-78388b338bc4","Fabrikam Pricing Working Group","False"
"2026-09-01","6bc817dc-b3fa-b5a4-4867-f2b5b7d779d2","Adventure Works Launch Community","False"
"2026-09-01","b193a666-9250-d9e4-e631-7712d03c2a52","Tailspin Support Planning","False"
"2026-09-01","7bd54611-4ab4-696d-16be-314b48b122d8","Litware Security Review","True"
"2026-09-01","06a53ec0-a73d-ee39-bd35-dee8555fbe35","Proseware Hiring Project","False"
"2026-09-01","88c74572-088a-117a-369d-203d908597d6","Wingtip Events Team","False"
"2026-09-01","606dfb01-c35c-121a-c6ca-58feb04ef8de","Lucerne Budget Working Group","False"
"2026-09-01","c4aabd98-26d9-ef5f-3ab2-41a8704a5a28","Margie Travel Community","False"
"2026-09-01","36df3fc8-f89f-592f-2770-4a7a63afb597","Trey Research Planning","False"
"2026-09-01","de07bda6-83ad-8456-595e-de16c4f56be4","Woodgrove Audit Review","True"
"2026-09-01","e6f65ed0-72aa-5b96-6c4b-98442182d858","Alpine Ski House Project","False"
"2026-09-01","ba9f636c-b34a-6c47-4b17-ae1beca9e8c7","Humongous Insurance Team","False"
"2026-09-01","d3807e92-0ce9-964a-f3e7-0bbdbef29247","Coho Vineyard Working Group","False"
"2026-09-01","95059680-702f-9a29-f5e6-cf1fd9e51ee7","Fourth Coffee Ops Community","False"
"2026-09-01","b62d5ea2-8056-bbe9-0ae9-f193fee9cd53","Northwind Rollout Planning 2","False"
"2026-09-01","9fed24f2-ac18-0828-c63c-172aa64ff3a7","Contoso Migration Review 2","True"
"2026-09-01","2ee6dc39-e746-1935-0dc9-2369003e7d70","Fabrikam Pricing Project 2","False"
"2026-09-01","c7d1cef5-aeec-26f6-eb64-bfc2a7b84807","Adventure Works Launch Team 2","False"
"2026-09-01","c0f472b8-11a5-3676-d9db-7152cf430e14","Tailspin Support Working Group 2","False"
"2026-09-01","a7646521-8559-6934-1dca-e364f23c5bdd","Litware Security Community 2","False"
"2026-09-01","d7704e89-3a75-09f3-798c-b4fc970d8f18","Proseware Hiring Planning 2","False"
"2026-09-01","dded8d10-b207-6036-129c-be020fdc1637","Wingtip Events Review 2","True"
"2026-09-01","f6af5751-4da5-ed4d-fa10-3e225778c082","Lucerne Budget Project 2","False"
"2026-09-01","87f9f6ef-7930-c9e1-7b47-57a6bf353ee6","Margie Travel Team 2","False"
"2026-09-01","b7e07f8c-5563-87b4-a272-b86be968b9fc","Trey Research Working Group 2","False"
"2026-09-01","caf79430-b9b0-438b-130c-22d4364f6276","Woodgrove Audit Community 2","False"
"2026-09-01","9fd4d941-d53b-85cd-ea44-481466e6f887","Alpine Ski House Planning 2","False"
"2026-09-01","35e34f96-059a-e442-4d4f-afdeeeba222a","Humongous Insurance Review 2","True"
