"RunDate","ReportRefreshDate","ReportPeriod","TeamId","TeamName","TeamType","LastActivityDate","ActiveUsers","ActiveChannels","Guests","Reactions","MeetingsOrganized","PostMessages","ReplyMessages","ChannelMessages","UrgentMessages","Mentions","ActiveSharedChannels","ActiveExternalUsers"
"2026-07-01","2026-06-28","180","41049210-bdfd-9150-66f6-a78adf8ffbd9","Northwind Rollout Project","Public","2026-01-16","27","5","0","5","18","63","590","170","0","22","0","1"
"2026-07-01","2026-06-28","180","4bc5cd84-a69e-7639-89de-de1ee5db5724","Contoso Migration Team","Public","2026-05-18","0","0","2","0","0","0","0","0","0","0","0","1"
"2026-07-01","2026-06-28","180","f353ad2d-55be-544e-a7f5-78388b338bc4","Fabrikam Pricing Working Group","Public","2026-02-02","28","6","1","40","22","493","72","879","2","82","0","0"
"2026-07-01","2026-06-28","180","6bc817dc-b3fa-b5a4-4867-f2b5b7d779d2","Adventure Works Launch Community","Public","2026-02-19","0","0","4","0","0","0","0","0","0","0","0","1"
"2026-07-01","2026-06-28","180","b193a666-9250-d9e4-e631-7712d03c2a52","Tailspin Support Planning","Public","2026-01-04","15","5","0","9","30","240","382","491","2","22","0","1"
"2026-07-01","2026-06-28","180","7bd54611-4ab4-696d-16be-314b48b122d8","Litware Security Review","Public","2026-04-23","19","3","3","88","38","200","288","452","1","0","0","1"
"2026-07-01","2026-06-28","180","06a53ec0-a73d-ee39-bd35-dee8555fbe35","Proseware Hiring Project","Public","2025-11-18","0","0","3","0","0","0","0","0","0","0","0","2"
"2026-07-01","2026-06-28","180","88c74572-088a-117a-369d-203d908597d6","Wingtip Events Team","Public","2025-09-26","0","0","4","0","0","0","0","0","0","0","0","1"
"2026-07-01","2026-06-28","180","36df3fc8-f89f-592f-2770-4a7a63afb597","Trey Research Planning","Public","2026-03-18","0","0","0","0","0","0","0","0","0","0","0","1"
"2026-07-01","2026-06-28","180","de07bda6-83ad-8456-595e-de16c4f56be4","Woodgrove Audit Review","Public","2025-09-16","0","0","2","0","0","0","0","0","0","0","0","2"
"2026-07-01","2026-06-28","180","e6f65ed0-72aa-5b96-6c4b-98442182d858","Alpine Ski House Project","Public","2025-12-19","0","0","3","0","0","0","0","0","0","0","0","2"
"2026-07-01","2026-06-28","180","ba9f636c-b34a-6c47-4b17-ae1beca9e8c7","Humongous Insurance Team","Public","2026-02-05","15","1","3","91","4","157","291","1072","2","78","0","1"
"2026-07-01","2026-06-28","180","d3807e92-0ce9-964a-f3e7-0bbdbef29247","Coho Vineyard Working Group","Public","2025-08-05","0","0","0","0","0","0","0","0","0","0","0","1"
"2026-07-01","2026-06-28","180","95059680-702f-9a29-f5e6-cf1fd9e51ee7","Fourth Coffee Ops Community","Public","2026-02-26","5","3","2","200","6","155","466","53","1","50","0","0"
"2026-07-01","2026-06-28","180","b62d5ea2-8056-bbe9-0ae9-f193fee9cd53","Northwind Rollout Planning 2","Public","2025-09-25","0","0","1","0","0","0","0","0","0","0","0","1"
"2026-07-01","2026-06-28","180","9fed24f2-ac18-0828-c63c-172aa64ff3a7","Contoso Migration Review 2","Public","2026-06-24","38","6","0","231","23","205","424","229","0","0","0","2"
"2026-07-01","2026-06-28","180","2ee6dc39-e746-1935-0dc9-2369003e7d70","Fabrikam Pricing Project 2","Public","2026-02-14","32","3","4","233","35","32","411","574","0","2","0","2"
"2026-07-01","2026-06-28","180","c7d1cef5-aeec-26f6-eb64-bfc2a7b84807","Adventure Works Launch Team 2","Public","2025-07-06","0","0","3","0","0","0","0","0","0","0","0","1"
"2026-07-01","2026-06-28","180","c0f472b8-11a5-3676-d9db-7152cf430e14","Tailspin Support Working Group 2","Public","2025-12-07","0","0","1","0","0","0","0","0","0","0","0","1"
"2026-07-01","2026-06-28","180","a7646521-8559-6934-1dca-e364f23c5bdd","Litware Security Community 2","Public","2026-03-10","35","4","4","15","6","497","61","750","3","38","0","0"
"2026-07-01","2026-06-28","180","d7704e89-3a75-09f3-798c-b4fc970d8f18","Proseware Hiring Planning 2","Public","2026-02-27","10","1","1","93","38","409","472","189","1","1","0","2"
"2026-07-01","2026-06-28","180","dded8d10-b207-6036-129c-be020fdc1637","Wingtip Events Review 2","Public","2026-03-02","0","0","2","0","0","0","0","0","0","0","0","2"
"2026-07-01","2026-06-28","180","f6af5751-4da5-ed4d-fa10-3e225778c082","Lucerne Budget Project 2","Public","2026-02-15","31","4","0","37","27","20","645","294","2","8","0","1"
"2026-07-01","2026-06-28","180","87f9f6ef-7930-c9e1-7b47-57a6bf353ee6","Margie Travel Team 2","Public","2026-02-10","35","2","4","198","20","447","267","1169","4","23","0","0"
"2026-07-01","2026-06-28","180","b7e07f8c-5563-87b4-a272-b86be968b9fc","Trey Research Working Group 2","Public","2025-12-31","0","0","0","0","0","0","0","0","0","0","0","0"
"2026-07-01","2026-06-28","180","caf79430-b9b0-438b-130c-22d4364f6276","Woodgrove Audit Community 2","Public","2026-02-02","30","4","0","191","29","227","515","861","1","54","0","2"
"2026-07-01","2026-06-28","180","35e34f96-059a-e442-4d4f-afdeeeba222a","Humongous Insurance Review 2","Public","2025-11-04","0","0","1","0","0","0","0","0","0","0","0","2"
"2026-08-01","2026-07-29","180","41049210-bdfd-9150-66f6-a78adf8ffbd9","Northwind Rollout Project","Public","2025-10-06","0","0","2","0","0","0","0","0","0","0","0","0"
"2026-08-01","2026-07-29","180","4bc5cd84-a69e-7639-89de-de1ee5db5724","Contoso Migration Team","Public","2026-05-18","29","7","0","264","17","209","430","426","2","0","0","2"
"2026-08-01","2026-07-29","180","f353ad2d-55be-544e-a7f5-78388b338bc4","Fabrikam Pricing Working Group","Public","2025-08-09","0","0","4","0","0","0","0","0","0","0","0","0"
"2026-08-01","2026-07-29","180","6bc817dc-b3fa-b5a4-4867-f2b5b7d779d2","Adventure Works Launch Community","Public","2026-02-19","0","0","2","0","0","0","0","0","0","0","0","1"
"2026-08-01","2026-07-29","180","b193a666-9250-d9e4-e631-7712d03c2a52","Tailspin Support Planning","Public","2025-12-30","0","0","2","0","0","0","0","0","0","0","0","2"
"2026-08-01","2026-07-29","180","7bd54611-4ab4-696d-16be-314b48b122d8","Litware Security Review","Public","2026-02-26","38","5","2","142","31","183","597","554","2","62","0","2"
"2026-08-01","2026-07-29","180","06a53ec0-a73d-ee39-bd35-dee8555fbe35","Proseware Hiring Project","Public","2026-02-05","27","2","4","295","5","418","110","1186","2","81","0","2"
"2026-08-01","2026-07-29","180","88c74572-088a-117a-369d-203d908597d6","Wingtip Events Team","Public","2025-07-20","0","0","1","0","0","0","0","0","0","0","0","2"
"2026-08-01","2026-07-29","180","c4aabd98-26d9-ef5f-3ab2-41a8704a5a28","Margie Travel Community","Public","2026-07-25","5","2","4","150","39","352","652","968","2","29","0","2"
"2026-08-01","2026-07-29","180","36df3fc8-f89f-592f-2770-4a7a63afb597","Trey Research Planning","Public","2026-03-18","0","0","1","0","0","0","0","0","0","0","0","2"
"2026-08-01","2026-07-29","180","de07bda6-83ad-8456-595e-de16c4f56be4","Woodgrove Audit Review","Public","2026-05-04","2","6","1","201","25","145","499","990","3","79","0","1"
"2026-08-01","2026-07-29","180","e6f65ed0-72aa-5b96-6c4b-98442182d858","Alpine Ski House Project","Public","2026-07-17","27","2","3","273","0","64","218","214","1","74","0","2"
"2026-08-01","2026-07-29","180","ba9f636c-b34a-6c47-4b17-ae1beca9e8c7","Humongous Insurance Team","Public","2025-11-19","0","0","4","0","0","0","0","0","0","0","0","0"
"2026-08-01","2026-07-29","180","d3807e92-0ce9-964a-f3e7-0bbdbef29247","Coho Vineyard Working Group","Public","2026-01-19","0","0","4","0","0","0","0","0","0","0","0","2"
"2026-08-01","2026-07-29","180","95059680-702f-9a29-f5e6-cf1fd9e51ee7","Fourth Coffee Ops Community","Public","2026-03-26","26","4","0","133","22","409","8","689","4","86","0","2"
"2026-08-01","2026-07-29","180","b62d5ea2-8056-bbe9-0ae9-f193fee9cd53","Northwind Rollout Planning 2","Public","2025-09-16","0","0","3","0","0","0","0","0","0","0","0","2"
"2026-08-01","2026-07-29","180","9fed24f2-ac18-0828-c63c-172aa64ff3a7","Contoso Migration Review 2","Public","2025-07-23","0","0","4","0","0","0","0","0","0","0","0","0"
"2026-08-01","2026-07-29","180","2ee6dc39-e746-1935-0dc9-2369003e7d70","Fabrikam Pricing Project 2","Public","2025-12-27","0","0","2","0","0","0","0","0","0","0","0","0"
"2026-08-01","2026-07-29","180","c7d1cef5-aeec-26f6-eb64-bfc2a7b84807","Adventure Works Launch Team 2","Public","2025-10-01","0","0","4","0","0","0","0","0","0","0","0","0"
"2026-08-01","2026-07-29","180","c0f472b8-11a5-3676-d9db-7152cf430e14","Tailspin Support Working Group 2","Public","2025-07-31","0","0","0","0","0","0","0","0","0","0","0","1"
"2026-08-01","2026-07-29","180","a7646521-8559-6934-1dca-e364f23c5bdd","Litware Security Community 2","Public","2026-01-22","0","0","0","0","0","0","0","0","0","0","0","2"
"2026-08-01","2026-07-29","180","d7704e89-3a75-09f3-798c-b4fc970d8f18","Proseware Hiring Planning 2","Public","2025-10-07","0","0","4","0","0","0","0","0","0","0","0","0"
"2026-08-01","2026-07-29","180","dded8d10-b207-6036-129c-be020fdc1637","Wingtip Events Review 2","Public","2026-04-17","2","4","0","231","1","389","786","639","1","71","0","1"
"2026-08-01","2026-07-29","180","f6af5751-4da5-ed4d-fa10-3e225778c082","Lucerne Budget Project 2","Public","2026-02-06","0","0","0","0","0","0","0","0","0","0","0","1"
"2026-08-01","2026-07-29","180","87f9f6ef-7930-c9e1-7b47-57a6bf353ee6","Margie Travel Team 2","Public","2026-03-30","3","4","2","268","16","302","421","1041","1","57","0","2"
"2026-08-01","2026-07-29","180","b7e07f8c-5563-87b4-a272-b86be968b9fc","Trey Research Working Group 2","Public","2025-12-31","0","0","4","0","0","0","0","0","0","0","0","1"
"2026-08-01","2026-07-29","180","caf79430-b9b0-438b-130c-22d4364f6276","Woodgrove Audit Community 2","Public","2026-06-14","29","5","1","121","8","87","250","1076","2","67","0","1"
"2026-08-01","2026-07-29","180","35e34f96-059a-e442-4d4f-afdeeeba222a","Humongous Insurance Review 2","Public","2026-05-20","12","5","2","143","26","173","499","1120","4","34","0","1"
"2026-09-01","2026-08-29","180","41049210-bdfd-9150-66f6-a78adf8ffbd9","Northwind Rollout Project","Public","2026-04-26","35","4","1","250","23","315","472","1138","2","86","0","2"
"2026-09-01","2026-08-29","180","4bc5cd84-a69e-7639-89de-de1ee5db5724","Contoso Migration Team","Public","2026-06-16","28","4","1","125","20","26","279","107","1","68","0","0"
"2026-09-01","2026-08-29","180","f353ad2d-55be-544e-a7f5-78388b338bc4","Fabrikam Pricing Working Group","Public","2026-06-08","35","4","1","190","32","183","551","965","1","89","0","2"
"2026-09-01","2026-08-29","180","6bc817dc-b3fa-b5a4-4867-f2b5b7d779d2","Adventure Works Launch Community","Public","2026-02-19","0","0","1","0","0","0","0","0","0","0","0","1"
"2026-09-01","2026-08-29","180","b193a666-9250-d9e4-e631-7712d03c2a52","Tailspin Support Planning","Public","2025-12-30","0","0","4","0","0","0","0","0","0","0","0","1"
"2026-09-01","2026-08-29","180","7bd54611-4ab4-696d-16be-314b48b122d8","Litware Security Review","Public","2025-12-22","0","0","2","0","0","0","0","0","0","0","0","0"
"2026-09-01","2026-08-29","180","06a53ec0-a73d-ee39-bd35-dee8555fbe35","Proseware Hiring Project","Public","2026-07-12","26","2","4","281","20","404","791","1118","1","73","0","1"
"2026-09-01","2026-08-29","180","88c74572-088a-117a-369d-203d908597d6","Wingtip Events Team","Public","2026-04-22","14","1","2","9","14","118","142","212","3","59","0","1"
"2026-09-01","2026-08-29","180","606dfb01-c35c-121a-c6ca-58feb04ef8de","Lucerne Budget Working Group","Public","2026-08-06","0","0","0","0","0","0","0","0","0","0","0","2"
"2026-09-01","2026-08-29","180","c4aabd98-26d9-ef5f-3ab2-41a8704a5a28","Margie Travel Community","Public","2026-07-25","0","0","2","0","0","0","0","0","0","0","0","1"
"2026-09-01","2026-08-29","180","36df3fc8-f89f-592f-2770-4a7a63afb597","Trey Research Planning","Public","2026-03-18","0","0","2","0","0","0","0","0","0","0","0","0"
"2026-09-01","2026-08-29","180","de07bda6-83ad-8456-595e-de16c4f56be4","Woodgrove Audit Review","Public","2025-11-11","0","0","0","0","0","0","0","0","0","0","0","1"
"2026-09-01","2026-08-29","180","e6f65ed0-72aa-5b96-6c4b-98442182d858","Alpine Ski House Project","Public","2026-04-12","5","1","1","134","2","328","389","349","1","80","0","1"
"2026-09-01","2026-08-29","180","ba9f636c-b34a-6c47-4b17-ae1beca9e8c7","Humongous Insurance Team","Public","2026-04-04","31","2","0","296","6","2","791","910","0","82","0","2"
"2026-09-01","2026-08-29","180","d3807e92-0ce9-964a-f3e7-0bbdbef29247","Coho Vineyard Working Group","Public","2025-08-08","0","0","1","0","0","0","0","0","0","0","0","2"
"2026-09-01","2026-08-29","180","95059680-702f-9a29-f5e6-cf1fd9e51ee7","Fourth Coffee Ops Community","Public","2026-08-24","19","2","1","137","30","284","705","102","1","25","0","0"
"2026-09-01","2026-08-29","180","b62d5ea2-8056-bbe9-0ae9-f193fee9cd53","Northwind Rollout Planning 2","Public","2026-08-12","7","2","0","114","6","24","706","893","2","54","0","0"
"2026-09-01","2026-08-29","180","9fed24f2-ac18-0828-c63c-172aa64ff3a7","Contoso Migration Review 2","Public","2025-09-19","0","0","2","0","0","0","0","0","0","0","0","1"
"2026-09-01","2026-08-29","180","2ee6dc39-e746-1935-0dc9-2369003e7d70","Fabrikam Pricing Project 2","Public","2026-06-18","14","7","1","197","38","421","172","37","4","27","0","2"
"2026-09-01","2026-08-29","180","c7d1cef5-aeec-26f6-eb64-bfc2a7b84807","Adventure Works Launch Team 2","Public","2026-01-27","0","0","2","0","0","0","0","0","0","0","0","1"
"2026-09-01","2026-08-29","180","c0f472b8-11a5-3676-d9db-7152cf430e14","Tailspin Support Working Group 2","Public","2026-04-29","10","6","2","47","22","114","524","979","3","0","0","2"
"2026-09-01","2026-08-29","180","a7646521-8559-6934-1dca-e364f23c5bdd","Litware Security Community 2","Public","2026-01-27","0","0","3","0","0","0","0","0","0","0","0","1"
"2026-09-01","2026-08-29","180","d7704e89-3a75-09f3-798c-b4fc970d8f18","Proseware Hiring Planning 2","Public","2026-05-28","20","4","1","64","28","295","365","320","2","52","0","0"
"2026-09-01","2026-08-29","180","dded8d10-b207-6036-129c-be020fdc1637","Wingtip Events Review 2","Public","2026-03-02","0","0","2","0","0","0","0","0","0","0","0","2"
"2026-09-01","2026-08-29","180","f6af5751-4da5-ed4d-fa10-3e225778c082","Lucerne Budget Project 2","Public","2026-02-06","0","0","4","0","0","0","0","0","0","0","0","2"
"2026-09-01","2026-08-29","180","87f9f6ef-7930-c9e1-7b47-57a6bf353ee6","Margie Travel Team 2","Public","2026-06-12","38","1","3","133","26","430","669","576","2","25","0","2"
"2026-09-01","2026-08-29","180","b7e07f8c-5563-87b4-a272-b86be968b9fc","Trey Research Working Group 2","Public","2025-12-31","0","0","3","0","0","0","0","0","0","0","0","0"
"2026-09-01","2026-08-29","180","caf79430-b9b0-438b-130c-22d4364f6276","Woodgrove Audit Community 2","Public","2026-03-26","27","7","0","153","36","468","548","126","4","29","0","0"
"2026-09-01","2026-08-29","180","9fd4d941-d53b-85cd-ea44-481466e6f887","Alpine Ski House Planning 2","Public","2026-08-07","0","0","2","0","0","0","0","0","0","0","0","2"
"2026-09-01","2026-08-29","180","35e34f96-059a-e442-4d4f-afdeeeba222a","Humongous Insurance Review 2","Public","2026-02-21","0","0","0","0","0","0","0","0","0","0","0","0"
