"RunDate","ReportRefreshDate","UserPrincipalName","DisplayName","IsDeleted","DeletedDate","CreatedDate","LastActivityDate","ItemCount","StorageUsedByte","IssueWarningQuotaByte","ProhibitSendQuotaByte","ProhibitSendReceiveQuotaByte","DeletedItemCount","DeletedItemSizeByte","DeletedItemQuotaByte","HasArchive","ReportPeriod","QuotaStatus"
"2026-10-01","2026-09-29","avery.abara@example.com","Avery Abara","False","","2021-03-15","2026-10-07","52288","12884901888","48318382080","51539607552","53687091200","120","52428800","31457280000","True","30","Good"
"2026-10-01","2026-09-29","blake.bishop@example.com","Blake Bishop","False","","2021-03-15","2026-10-06","87104","49392123904","48318382080","51539607552","53687091200","120","52428800","31457280000","True","30","Warning"
"2026-10-01","2026-09-29","casey.cho@example.com","Casey Cho","False","","2021-03-15","2026-09-02","90176","52613349376","48318382080","51539607552","53687091200","120","52428800","31457280000","True","30","CantSend"
"2026-10-01","2026-09-29","devon.diaz@example.com","Devon Diaz","False","","2021-03-15","","91200","53687091200","48318382080","51539607552","53687091200","120","52428800","31457280000","True","30","CantSendReceive"
"2026-10-01","2026-09-29","finance.shared@example.com","Finance Shared","False","","2021-03-15","","44096","4294967296","48318382080","51539607552","53687091200","120","52428800","31457280000","False","30","Good"
"2026-10-01","2026-09-29","emery.ellis@example.com","Emery Ellis","False","","2021-03-15","2026-10-08","60480","21474836480","48318382080","51539607552","53687091200","120","52428800","31457280000","True","30","Good"
"2026-10-08","2026-10-06","avery.abara@example.com","Avery Abara","False","","2021-03-15","2026-10-07","53312","13958643712","48318382080","51539607552","53687091200","120","52428800","31457280000","True","30","Good"
"2026-10-08","2026-10-06","blake.bishop@example.com","Blake Bishop","False","","2021-03-15","2026-10-06","88128","50465865728","48318382080","51539607552","53687091200","120","52428800","31457280000","True","30","Warning"
"2026-10-08","2026-10-06","casey.cho@example.com","Casey Cho","False","","2021-03-15","2026-09-02","91200","53687091200","48318382080","51539607552","53687091200","120","52428800","31457280000","True","30","CantSendReceive"
"2026-10-08","2026-10-06","devon.diaz@example.com","Devon Diaz","False","","2021-03-15","","92224","54760833024","48318382080","51539607552","53687091200","120","52428800","31457280000","True","30","CantSendReceive"
"2026-10-08","2026-10-06","finance.shared@example.com","Finance Shared","False","","2021-03-15","","45120","5368709120","48318382080","51539607552","53687091200","120","52428800","31457280000","False","30","Good"
"2026-10-08","2026-10-06","emery.ellis@example.com","Emery Ellis","False","","2021-03-15","2026-10-08","61504","22548578304","48318382080","51539607552","53687091200","120","52428800","31457280000","True","30","Good"
