"RunDate","UserId","UserPrincipalName","LastSignInDateTime","LastNonInteractiveSignInDateTime","LastSuccessfulSignInDateTime"
"2026-09-01","aaaaaaaa-0000-4000-8000-000000000001","avery.abara@example.com","2026-09-21T07:45:00Z","2026-09-21T22:10:00Z","2026-09-21T07:45:00Z"
"2026-09-01","aaaaaaaa-0000-4000-8000-000000000002","blair.bergstrom@example.com","2026-09-22T07:45:00Z","2026-09-22T22:10:00Z","2026-09-22T07:45:00Z"
"2026-09-01","aaaaaaaa-0000-4000-8000-000000000003","casey.chaudhry@example.com","2026-09-23T07:45:00Z","2026-09-23T22:10:00Z","2026-09-23T07:45:00Z"
"2026-09-01","aaaaaaaa-0000-4000-8000-000000000004","devon.dlamini@example.com","2026-09-24T07:45:00Z","2026-09-24T22:10:00Z","2026-09-24T07:45:00Z"
"2026-09-01","aaaaaaaa-0000-4000-8000-000000000005","emery.ibarra@example.com","2026-09-25T07:45:00Z","2026-09-25T22:10:00Z","2026-09-25T07:45:00Z"
"2026-09-01","aaaaaaaa-0000-4000-8000-000000000006","finley.jovanovic@example.com","2026-03-02T08:30:00Z","2026-09-26T22:10:00Z","2026-03-02T08:30:00Z"
"2026-09-01","aaaaaaaa-0000-4000-8000-000000000007","gray.kowalski@example.com","2026-09-27T07:45:00Z","2026-09-27T22:10:00Z","2026-09-27T07:45:00Z"
"2026-09-01","aaaaaaaa-0000-4000-8000-000000000008","harper.lindqvist@example.com","2026-09-28T07:45:00Z","2026-09-28T22:10:00Z","2026-09-28T07:45:00Z"
"2026-09-01","aaaaaaaa-0000-4000-8000-000000000009","indigo.moreau_fabrikam.example.com#EXT#@example.onmicrosoft.com","2026-09-29T07:45:00Z","","2026-09-29T07:45:00Z"
"2026-09-01","aaaaaaaa-0000-4000-8000-000000000010","jordan.nakamura_contoso.example.com#EXT#@example.onmicrosoft.com","","",""
"2026-10-01","aaaaaaaa-0000-4000-8000-000000000001","avery.abara@example.com","2026-09-21T07:45:00Z","2026-09-21T22:10:00Z","2026-09-21T07:45:00Z"
"2026-10-01","aaaaaaaa-0000-4000-8000-000000000002","blair.bergstrom@example.com","2026-09-22T07:45:00Z","2026-09-22T22:10:00Z","2026-09-22T07:45:00Z"
"2026-10-01","aaaaaaaa-0000-4000-8000-000000000003","casey.chaudhry@example.com","2026-09-23T07:45:00Z","2026-09-23T22:10:00Z","2026-09-23T07:45:00Z"
"2026-10-01","aaaaaaaa-0000-4000-8000-000000000004","devon.dlamini@example.com","2026-09-24T07:45:00Z","2026-09-24T22:10:00Z","2026-09-24T07:45:00Z"
"2026-10-01","aaaaaaaa-0000-4000-8000-000000000005","emery.ibarra@example.com","2026-09-25T07:45:00Z","2026-09-25T22:10:00Z","2026-09-25T07:45:00Z"
"2026-10-01","aaaaaaaa-0000-4000-8000-000000000006","finley.jovanovic@example.com","2026-03-02T08:30:00Z","2026-09-26T22:10:00Z","2026-03-02T08:30:00Z"
"2026-10-01","aaaaaaaa-0000-4000-8000-000000000007","gray.kowalski@example.com","2026-09-27T07:45:00Z","2026-09-27T22:10:00Z","2026-09-27T07:45:00Z"
"2026-10-01","aaaaaaaa-0000-4000-8000-000000000008","harper.lindqvist@example.com","2026-09-28T07:45:00Z","2026-09-28T22:10:00Z","2026-09-28T07:45:00Z"
"2026-10-01","aaaaaaaa-0000-4000-8000-000000000009","indigo.moreau_fabrikam.example.com#EXT#@example.onmicrosoft.com","2026-09-29T07:45:00Z","","2026-09-29T07:45:00Z"
"2026-10-01","aaaaaaaa-0000-4000-8000-000000000010","jordan.nakamura_contoso.example.com#EXT#@example.onmicrosoft.com","","",""
